dataset,topic,conv_id,turn,annotator,raw_U1_typicality,raw_U2_evocative,raw_U3_sensitivity,raw_U4_fix_seeking,raw_U5_underlying,norm_U1_typicality,norm_U2_evocative,norm_U3_sensitivity,norm_U4_fix_seeking,norm_U5_underlying,UIRI,band
HOPE,1,HOPE_topic01,1,,0,0,0,0,1,0.0,0.0,0.0,0.0,0.5,0.1,Low
HOPE,1,HOPE_topic01,2,,0,0,0,0,1,0.0,0.0,0.0,0.0,0.5,0.1,Low
HOPE,1,HOPE_topic01,3,,0,1,0,0,1,0.0,0.5,0.0,0.0,0.5,0.2,Low
HOPE,1,HOPE_topic01,4,,0,1,0,0,2,0.0,0.5,0.0,0.0,1.0,0.3,Medium
HOPE,1,HOPE_topic01,5,,0,0,0,0,1,0.0,0.0,0.0,0.0,0.5,0.1,Low
HOPE,1,HOPE_topic01,6,,0,0,0,0,1,0.0,0.0,0.0,0.0,0.5,0.1,Low
HOPE,1,HOPE_topic01,7,,0,0,0,0,1,0.0,0.0,0.0,0.0,0.5,0.1,Low
HOPE,1,HOPE_topic01,8,,0,0,0,0,1,0.0,0.0,0.0,0.0,0.5,0.1,Low
HOPE,1,HOPE_topic01,9,,1,1,0,0,2,0.5,0.5,0.0,0.0,1.0,0.4,Medium
HOPE,1,HOPE_topic01,10,,0,1,0,0,1,0.0,0.5,0.0,0.0,0.5,0.2,Low
HOPE,2,HOPE_topic02,1,,1,1,0,0,2,0.5,0.5,0.0,0.0,1.0,0.4,Medium
HOPE,2,HOPE_topic02,2,,0,1,0,0,2,0.0,0.5,0.0,0.0,1.0,0.3,Medium
HOPE,2,HOPE_topic02,3,,0,2,0,0,2,0.0,1.0,0.0,0.0,1.0,0.4,Medium
HOPE,2,HOPE_topic02,4,,1,0,0,0,1,0.5,0.0,0.0,0.0,0.5,0.2,Low
HOPE,2,HOPE_topic02,5,,0,1,0,0,2,0.0,0.5,0.0,0.0,1.0,0.3,Medium
HOPE,2,HOPE_topic02,6,,0,1,0,0,2,0.0,0.5,0.0,0.0,1.0,0.3,Medium
HOPE,2,HOPE_topic02,7,,0,0,0,0,1,0.0,0.0,0.0,0.0,0.5,0.1,Low
HOPE,2,HOPE_topic02,8,,0,0,0,0,1,0.0,0.0,0.0,0.0,0.5,0.1,Low
HOPE,2,HOPE_topic02,9,,1,0,0,0,1,0.5,0.0,0.0,0.0,0.5,0.2,Low
HOPE,2,HOPE_topic02,10,,0,0,0,0,1,0.0,0.0,0.0,0.0,0.5,0.1,Low
HOPE,3,HOPE_topic03,1,,1,0,0,0,1,0.5,0.0,0.0,0.0,0.5,0.2,Low
HOPE,3,HOPE_topic03,2,,1,0,0,0,1,0.5,0.0,0.0,0.0,0.5,0.2,Low
HOPE,3,HOPE_topic03,3,,1,0,0,0,1,0.5,0.0,0.0,0.0,0.5,0.2,Low
HOPE,3,HOPE_topic03,4,,1,0,0,0,1,0.5,0.0,0.0,0.0,0.5,0.2,Low
HOPE,3,HOPE_topic03,5,,1,1,0,0,1,0.5,0.5,0.0,0.0,0.5,0.3,Medium
HOPE,3,HOPE_topic03,6,,1,0,0,0,1,0.5,0.0,0.0,0.0,0.5,0.2,Low
HOPE,3,HOPE_topic03,7,,1,0,0,0,1,0.5,0.0,0.0,0.0,0.5,0.2,Low
HOPE,3,HOPE_topic03,8,,1,1,0,0,1,0.5,0.5,0.0,0.0,0.5,0.3,Medium
HOPE,3,HOPE_topic03,9,,1,0,0,0,1,0.5,0.0,0.0,0.0,0.5,0.2,Low
HOPE,3,HOPE_topic03,10,,1,1,0,0,1,0.5,0.5,0.0,0.0,0.5,0.3,Medium
HOPE,4,HOPE_topic04,1,,0,1,0,1,2,0.0,0.5,0.0,1.0,1.0,0.5,Medium
HOPE,4,HOPE_topic04,2,,1,2,0,0,2,0.5,1.0,0.0,0.0,1.0,0.5,Medium
HOPE,4,HOPE_topic04,3,,0,0,0,0,1,0.0,0.0,0.0,0.0,0.5,0.1,Low
HOPE,4,HOPE_topic04,4,,0,1,0,1,2,0.0,0.5,0.0,1.0,1.0,0.5,Medium
HOPE,4,HOPE_topic04,5,,0,0,0,0,1,0.0,0.0,0.0,0.0,0.5,0.1,Low
HOPE,4,HOPE_topic04,6,,1,0,0,0,1,0.5,0.0,0.0,0.0,0.5,0.2,Low
HOPE,4,HOPE_topic04,7,,0,0,0,1,1,0.0,0.0,0.0,1.0,0.5,0.3,Medium
HOPE,4,HOPE_topic04,8,,0,0,0,0,0,0.0,0.0,0.0,0.0,0.0,0.0,Low
HOPE,4,HOPE_topic04,9,,1,0,0,0,1,0.5,0.0,0.0,0.0,0.5,0.2,Low
HOPE,4,HOPE_topic04,10,,0,0,0,0,1,0.0,0.0,0.0,0.0,0.5,0.1,Low
HOPE,5,HOPE_topic05,1,,0,1,0,0,2,0.0,0.5,0.0,0.0,1.0,0.3,Medium
HOPE,5,HOPE_topic05,2,,1,1,0,0,2,0.5,0.5,0.0,0.0,1.0,0.4,Medium
HOPE,5,HOPE_topic05,3,,0,2,0,0,2,0.0,1.0,0.0,0.0,1.0,0.4,Medium
HOPE,5,HOPE_topic05,4,,0,2,0,0,2,0.0,1.0,0.0,0.0,1.0,0.4,Medium
HOPE,5,HOPE_topic05,5,,0,1,0,0,2,0.0,0.5,0.0,0.0,1.0,0.3,Medium
HOPE,5,HOPE_topic05,6,,0,2,0,0,2,0.0,1.0,0.0,0.0,1.0,0.4,Medium
HOPE,5,HOPE_topic05,7,,0,1,0,0,2,0.0,0.5,0.0,0.0,1.0,0.3,Medium
HOPE,5,HOPE_topic05,8,,0,1,0,0,2,0.0,0.5,0.0,0.0,1.0,0.3,Medium
HOPE,5,HOPE_topic05,9,,0,2,0,0,2,0.0,1.0,0.0,0.0,1.0,0.4,Medium
HOPE,5,HOPE_topic05,10,,0,1,0,0,2,0.0,0.5,0.0,0.0,1.0,0.3,Medium
HOPE,6,HOPE_topic06,1,,0,0,0,0,1,0.0,0.0,0.0,0.0,0.5,0.1,Low
HOPE,6,HOPE_topic06,2,,0,2,0,0,2,0.0,1.0,0.0,0.0,1.0,0.4,Medium
HOPE,6,HOPE_topic06,3,,1,0,0,0,1,0.5,0.0,0.0,0.0,0.5,0.2,Low
HOPE,6,HOPE_topic06,4,,0,1,0,0,2,0.0,0.5,0.0,0.0,1.0,0.3,Medium
HOPE,6,HOPE_topic06,5,,1,0,0,0,0,0.5,0.0,0.0,0.0,0.0,0.1,Low
HOPE,6,HOPE_topic06,6,,1,0,0,0,1,0.5,0.0,0.0,0.0,0.5,0.2,Low
HOPE,6,HOPE_topic06,7,,1,0,0,0,1,0.5,0.0,0.0,0.0,0.5,0.2,Low
HOPE,6,HOPE_topic06,8,,0,0,0,0,1,0.0,0.0,0.0,0.0,0.5,0.1,Low
HOPE,6,HOPE_topic06,9,,1,0,0,0,0,0.5,0.0,0.0,0.0,0.0,0.1,Low
HOPE,6,HOPE_topic06,10,,0,0,0,0,0,0.0,0.0,0.0,0.0,0.0,0.0,Low
HOPE,7,HOPE_topic07,1,,0,1,0,0,2,0.0,0.5,0.0,0.0,1.0,0.3,Medium
HOPE,7,HOPE_topic07,2,,0,1,0,0,1,0.0,0.5,0.0,0.0,0.5,0.2,Low
HOPE,7,HOPE_topic07,3,,0,2,0,0,2,0.0,1.0,0.0,0.0,1.0,0.4,Medium
HOPE,7,HOPE_topic07,4,,0,1,0,0,2,0.0,0.5,0.0,0.0,1.0,0.3,Medium
HOPE,7,HOPE_topic07,5,,0,1,0,0,2,0.0,0.5,0.0,0.0,1.0,0.3,Medium
HOPE,7,HOPE_topic07,6,,0,2,0,0,2,0.0,1.0,0.0,0.0,1.0,0.4,Medium
HOPE,7,HOPE_topic07,7,,0,2,0,0,2,0.0,1.0,0.0,0.0,1.0,0.4,Medium
HOPE,7,HOPE_topic07,8,,0,0,0,0,1,0.0,0.0,0.0,0.0,0.5,0.1,Low
HOPE,7,HOPE_topic07,9,,0,1,0,0,2,0.0,0.5,0.0,0.0,1.0,0.3,Medium
HOPE,8,HOPE_topic08,1,,0,1,0,1,2,0.0,0.5,0.0,1.0,1.0,0.5,Medium
HOPE,8,HOPE_topic08,2,,1,1,0,0,2,0.5,0.5,0.0,0.0,1.0,0.4,Medium
HOPE,8,HOPE_topic08,3,,0,1,0,0,2,0.0,0.5,0.0,0.0,1.0,0.3,Medium
HOPE,8,HOPE_topic08,4,,0,0,1,0,1,0.0,0.0,1.0,0.0,0.5,0.3,Medium
HOPE,8,HOPE_topic08,5,,0,1,0,0,2,0.0,0.5,0.0,0.0,1.0,0.3,Medium
HOPE,8,HOPE_topic08,6,,1,1,0,0,2,0.5,0.5,0.0,0.0,1.0,0.4,Medium
HOPE,8,HOPE_topic08,7,,0,2,1,0,2,0.0,1.0,1.0,0.0,1.0,0.6,High
HOPE,8,HOPE_topic08,8,,0,0,0,0,1,0.0,0.0,0.0,0.0,0.5,0.1,Low
HOPE,8,HOPE_topic08,9,,0,1,0,0,1,0.0,0.5,0.0,0.0,0.5,0.2,Low
HOPE,8,HOPE_topic08,10,,1,1,0,0,2,0.5,0.5,0.0,0.0,1.0,0.4,Medium
HOPE,9,HOPE_topic09,1,,0,1,0,0,2,0.0,0.5,0.0,0.0,1.0,0.3,Medium
HOPE,9,HOPE_topic09,2,,0,1,0,1,2,0.0,0.5,0.0,1.0,1.0,0.5,Medium
HOPE,9,HOPE_topic09,3,,0,0,0,0,1,0.0,0.0,0.0,0.0,0.5,0.1,Low
HOPE,9,HOPE_topic09,4,,0,0,0,0,1,0.0,0.0,0.0,0.0,0.5,0.1,Low
HOPE,9,HOPE_topic09,5,,0,1,0,0,1,0.0,0.5,0.0,0.0,0.5,0.2,Low
HOPE,9,HOPE_topic09,6,,0,0,0,0,1,0.0,0.0,0.0,0.0,0.5,0.1,Low
HOPE,9,HOPE_topic09,7,,0,0,0,0,1,0.0,0.0,0.0,0.0,0.5,0.1,Low
HOPE,9,HOPE_topic09,8,,0,1,0,0,1,0.0,0.5,0.0,0.0,0.5,0.2,Low
HOPE,9,HOPE_topic09,9,,0,1,0,0,1,0.0,0.5,0.0,0.0,0.5,0.2,Low
HOPE,9,HOPE_topic09,10,,0,1,0,0,1,0.0,0.5,0.0,0.0,0.5,0.2,Low
HOPE,10,HOPE_topic10,1,,1,2,0,0,2,0.5,1.0,0.0,0.0,1.0,0.5,Medium
HOPE,10,HOPE_topic10,2,,0,0,0,0,1,0.0,0.0,0.0,0.0,0.5,0.1,Low
HOPE,10,HOPE_topic10,3,,1,1,0,1,2,0.5,0.5,0.0,1.0,1.0,0.6,High
HOPE,10,HOPE_topic10,4,,0,1,0,0,2,0.0,0.5,0.0,0.0,1.0,0.3,Medium
HOPE,10,HOPE_topic10,5,,0,1,0,0,2,0.0,0.5,0.0,0.0,1.0,0.3,Medium
HOPE,10,HOPE_topic10,6,,0,1,0,0,1,0.0,0.5,0.0,0.0,0.5,0.2,Low
HOPE,10,HOPE_topic10,7,,1,0,0,0,1,0.5,0.0,0.0,0.0,0.5,0.2,Low
HOPE,10,HOPE_topic10,8,,1,2,0,0,2,0.5,1.0,0.0,0.0,1.0,0.5,Medium
HOPE,10,HOPE_topic10,9,,1,1,0,0,2,0.5,0.5,0.0,0.0,1.0,0.4,Medium
HOPE,10,HOPE_topic10,10,,1,2,0,0,2,0.5,1.0,0.0,0.0,1.0,0.5,Medium
HOPE,11,HOPE_topic11,1,,1,2,1,0,2,0.5,1.0,1.0,0.0,1.0,0.7,High
HOPE,11,HOPE_topic11,2,,1,1,1,0,2,0.5,0.5,1.0,0.0,1.0,0.6,High
HOPE,11,HOPE_topic11,3,,1,1,0,1,2,0.5,0.5,0.0,1.0,1.0,0.6,High
HOPE,11,HOPE_topic11,4,,1,1,1,0,2,0.5,0.5,1.0,0.0,1.0,0.6,High
HOPE,11,HOPE_topic11,5,,1,1,1,0,2,0.5,0.5,1.0,0.0,1.0,0.6,High
HOPE,11,HOPE_topic11,6,,1,1,0,1,1,0.5,0.5,0.0,1.0,0.5,0.5,Medium
HOPE,11,HOPE_topic11,7,,1,1,0,1,2,0.5,0.5,0.0,1.0,1.0,0.6,High
HOPE,11,HOPE_topic11,8,,1,1,0,0,1,0.5,0.5,0.0,0.0,0.5,0.3,Medium
HOPE,11,HOPE_topic11,9,,1,1,0,0,1,0.5,0.5,0.0,0.0,0.5,0.3,Medium
HOPE,11,HOPE_topic11,10,,1,1,0,1,2,0.5,0.5,0.0,1.0,1.0,0.6,High
HOPE,12,HOPE_topic12,1,,1,1,0,0,2,0.5,0.5,0.0,0.0,1.0,0.4,Medium
HOPE,12,HOPE_topic12,2,,1,2,0,1,2,0.5,1.0,0.0,1.0,1.0,0.7,High
HOPE,12,HOPE_topic12,3,,1,1,0,1,2,0.5,0.5,0.0,1.0,1.0,0.6,High
HOPE,12,HOPE_topic12,4,,0,2,0,1,2,0.0,1.0,0.0,1.0,1.0,0.6,High
HOPE,12,HOPE_topic12,5,,0,2,0,1,2,0.0,1.0,0.0,1.0,1.0,0.6,High
HOPE,12,HOPE_topic12,6,,0,1,0,0,2,0.0,0.5,0.0,0.0,1.0,0.3,Medium
HOPE,12,HOPE_topic12,7,,0,1,0,0,2,0.0,0.5,0.0,0.0,1.0,0.3,Medium
HOPE,12,HOPE_topic12,8,,0,1,0,0,2,0.0,0.5,0.0,0.0,1.0,0.3,Medium
HOPE,12,HOPE_topic12,9,,1,1,0,1,2,0.5,0.5,0.0,1.0,1.0,0.6,High
HOPE,12,HOPE_topic12,10,,0,1,0,0,2,0.0,0.5,0.0,0.0,1.0,0.3,Medium
HOPE,13,HOPE_topic13,1,,0,1,0,0,2,0.0,0.5,0.0,0.0,1.0,0.3,Medium
HOPE,13,HOPE_topic13,2,,0,0,0,0,0,0.0,0.0,0.0,0.0,0.0,0.0,Low
HOPE,13,HOPE_topic13,3,,0,0,0,0,0,0.0,0.0,0.0,0.0,0.0,0.0,Low
HOPE,13,HOPE_topic13,4,,0,1,0,0,2,0.0,0.5,0.0,0.0,1.0,0.3,Medium
HOPE,13,HOPE_topic13,5,,1,1,0,0,2,0.5,0.5,0.0,0.0,1.0,0.4,Medium
HOPE,13,HOPE_topic13,6,,1,0,0,0,2,0.5,0.0,0.0,0.0,1.0,0.3,Medium
HOPE,13,HOPE_topic13,7,,1,1,0,0,2,0.5,0.5,0.0,0.0,1.0,0.4,Medium
HOPE,13,HOPE_topic13,8,,1,0,0,0,2,0.5,0.0,0.0,0.0,1.0,0.3,Medium
HOPE,13,HOPE_topic13,9,,0,0,0,0,1,0.0,0.0,0.0,0.0,0.5,0.1,Low
HOPE,13,HOPE_topic13,10,,2,1,0,0,2,1.0,0.5,0.0,0.0,1.0,0.5,Medium
HOPE,14,HOPE_topic14,1,,2,1,1,0,2,1.0,0.5,1.0,0.0,1.0,0.7,High
HOPE,14,HOPE_topic14,2,,2,1,1,0,2,1.0,0.5,1.0,0.0,1.0,0.7,High
HOPE,14,HOPE_topic14,3,,2,1,1,0,2,1.0,0.5,1.0,0.0,1.0,0.7,High
HOPE,14,HOPE_topic14,4,,2,1,1,0,2,1.0,0.5,1.0,0.0,1.0,0.7,High
HOPE,14,HOPE_topic14,5,,2,1,1,0,2,1.0,0.5,1.0,0.0,1.0,0.7,High
HOPE,14,HOPE_topic14,6,,2,1,1,0,2,1.0,0.5,1.0,0.0,1.0,0.7,High
HOPE,14,HOPE_topic14,7,,2,1,1,0,2,1.0,0.5,1.0,0.0,1.0,0.7,High
HOPE,14,HOPE_topic14,8,,2,2,1,0,2,1.0,1.0,1.0,0.0,1.0,0.8,High
HOPE,14,HOPE_topic14,9,,2,2,1,0,2,1.0,1.0,1.0,0.0,1.0,0.8,High
HOPE,14,HOPE_topic14,10,,2,1,1,0,2,1.0,0.5,1.0,0.0,1.0,0.7,High
HOPE,15,HOPE_topic15,1,,1,1,1,0,2,0.5,0.5,1.0,0.0,1.0,0.6,High
HOPE,15,HOPE_topic15,2,,2,2,1,0,2,1.0,1.0,1.0,0.0,1.0,0.8,High
HOPE,15,HOPE_topic15,3,,2,1,1,0,2,1.0,0.5,1.0,0.0,1.0,0.7,High
HOPE,15,HOPE_topic15,4,,2,2,1,0,2,1.0,1.0,1.0,0.0,1.0,0.8,High
HOPE,15,HOPE_topic15,5,,2,2,1,0,2,1.0,1.0,1.0,0.0,1.0,0.8,High
HOPE,15,HOPE_topic15,6,,2,1,1,0,2,1.0,0.5,1.0,0.0,1.0,0.7,High
HOPE,15,HOPE_topic15,7,,2,1,1,0,2,1.0,0.5,1.0,0.0,1.0,0.7,High
HOPE,15,HOPE_topic15,8,,2,1,1,0,2,1.0,0.5,1.0,0.0,1.0,0.7,High
HOPE,15,HOPE_topic15,9,,2,2,1,0,2,1.0,1.0,1.0,0.0,1.0,0.8,High
HOPE,15,HOPE_topic15,10,,2,1,1,0,2,1.0,0.5,1.0,0.0,1.0,0.7,High
HOPE,16,HOPE_topic16,1,,2,1,1,0,2,1.0,0.5,1.0,0.0,1.0,0.7,High
HOPE,16,HOPE_topic16,2,,2,1,1,0,2,1.0,0.5,1.0,0.0,1.0,0.7,High
HOPE,16,HOPE_topic16,3,,2,1,1,0,2,1.0,0.5,1.0,0.0,1.0,0.7,High
HOPE,16,HOPE_topic16,4,,2,1,1,0,2,1.0,0.5,1.0,0.0,1.0,0.7,High
HOPE,16,HOPE_topic16,5,,2,1,1,0,2,1.0,0.5,1.0,0.0,1.0,0.7,High
HOPE,16,HOPE_topic16,6,,2,1,1,0,2,1.0,0.5,1.0,0.0,1.0,0.7,High
HOPE,16,HOPE_topic16,7,,2,1,1,0,2,1.0,0.5,1.0,0.0,1.0,0.7,High
HOPE,16,HOPE_topic16,8,,2,1,1,0,2,1.0,0.5,1.0,0.0,1.0,0.7,High
HOPE,16,HOPE_topic16,9,,2,1,1,0,2,1.0,0.5,1.0,0.0,1.0,0.7,High
HOPE,16,HOPE_topic16,10,,2,1,1,0,2,1.0,0.5,1.0,0.0,1.0,0.7,High
HOPE,17,HOPE_topic17,1,,1,1,1,0,2,0.5,0.5,1.0,0.0,1.0,0.6,High
HOPE,17,HOPE_topic17,2,,0,0,0,0,1,0.0,0.0,0.0,0.0,0.5,0.1,Low
HOPE,17,HOPE_topic17,3,,0,1,0,0,1,0.0,0.5,0.0,0.0,0.5,0.2,Low
HOPE,17,HOPE_topic17,4,,1,2,0,0,2,0.5,1.0,0.0,0.0,1.0,0.5,Medium
HOPE,17,HOPE_topic17,5,,0,0,0,0,1,0.0,0.0,0.0,0.0,0.5,0.1,Low
HOPE,17,HOPE_topic17,6,,1,1,0,0,1,0.5,0.5,0.0,0.0,0.5,0.3,Medium
HOPE,17,HOPE_topic17,7,,0,0,0,0,0,0.0,0.0,0.0,0.0,0.0,0.0,Low
HOPE,17,HOPE_topic17,8,,0,0,0,0,0,0.0,0.0,0.0,0.0,0.0,0.0,Low
HOPE,17,HOPE_topic17,9,,1,0,0,0,1,0.5,0.0,0.0,0.0,0.5,0.2,Low
HOPE,17,HOPE_topic17,10,,0,1,0,0,1,0.0,0.5,0.0,0.0,0.5,0.2,Low
HOPE,18,HOPE_topic18,1,,2,2,1,0,2,1.0,1.0,1.0,0.0,1.0,0.8,High
HOPE,18,HOPE_topic18,2,,2,2,1,0,2,1.0,1.0,1.0,0.0,1.0,0.8,High
HOPE,18,HOPE_topic18,3,,2,2,1,0,2,1.0,1.0,1.0,0.0,1.0,0.8,High
HOPE,18,HOPE_topic18,4,,2,1,1,0,2,1.0,0.5,1.0,0.0,1.0,0.7,High
HOPE,18,HOPE_topic18,5,,2,2,1,0,2,1.0,1.0,1.0,0.0,1.0,0.8,High
HOPE,18,HOPE_topic18,6,,0,1,1,0,2,0.0,0.5,1.0,0.0,1.0,0.5,Medium
HOPE,18,HOPE_topic18,7,,2,1,1,0,2,1.0,0.5,1.0,0.0,1.0,0.7,High
HOPE,18,HOPE_topic18,8,,2,2,1,0,2,1.0,1.0,1.0,0.0,1.0,0.8,High
HOPE,18,HOPE_topic18,9,,2,1,1,0,2,1.0,0.5,1.0,0.0,1.0,0.7,High
HOPE,18,HOPE_topic18,10,,2,2,1,0,2,1.0,1.0,1.0,0.0,1.0,0.8,High
HOPE,19,HOPE_topic19,1,,1,1,0,0,2,0.5,0.5,0.0,0.0,1.0,0.4,Medium
HOPE,19,HOPE_topic19,2,,0,1,0,0,1,0.0,0.5,0.0,0.0,0.5,0.2,Low
HOPE,19,HOPE_topic19,3,,0,1,0,0,1,0.0,0.5,0.0,0.0,0.5,0.2,Low
HOPE,19,HOPE_topic19,4,,0,1,0,0,1,0.0,0.5,0.0,0.0,0.5,0.2,Low
HOPE,19,HOPE_topic19,5,,1,0,0,0,2,0.5,0.0,0.0,0.0,1.0,0.3,Medium
HOPE,19,HOPE_topic19,6,,1,1,0,0,2,0.5,0.5,0.0,0.0,1.0,0.4,Medium
HOPE,19,HOPE_topic19,7,,0,2,0,0,1,0.0,1.0,0.0,0.0,0.5,0.3,Medium
HOPE,19,HOPE_topic19,8,,0,1,0,0,1,0.0,0.5,0.0,0.0,0.5,0.2,Low
HOPE,19,HOPE_topic19,9,,0,2,0,0,1,0.0,1.0,0.0,0.0,0.5,0.3,Medium
HOPE,19,HOPE_topic19,10,,1,1,0,0,1,0.5,0.5,0.0,0.0,0.5,0.3,Medium
HOPE,20,HOPE_topic20,1,,0,1,0,0,1,0.0,0.5,0.0,0.0,0.5,0.2,Low
HOPE,20,HOPE_topic20,2,,0,1,0,0,2,0.0,0.5,0.0,0.0,1.0,0.3,Medium
HOPE,20,HOPE_topic20,3,,0,1,0,0,1,0.0,0.5,0.0,0.0,0.5,0.2,Low
HOPE,20,HOPE_topic20,4,,0,1,0,0,1,0.0,0.5,0.0,0.0,0.5,0.2,Low
HOPE,20,HOPE_topic20,5,,0,1,0,0,1,0.0,0.5,0.0,0.0,0.5,0.2,Low
HOPE,20,HOPE_topic20,6,,1,0,0,0,1,0.5,0.0,0.0,0.0,0.5,0.2,Low
HOPE,20,HOPE_topic20,7,,0,2,0,0,2,0.0,1.0,0.0,0.0,1.0,0.4,Medium
HOPE,20,HOPE_topic20,8,,1,1,0,0,2,0.5,0.5,0.0,0.0,1.0,0.4,Medium
HOPE,20,HOPE_topic20,9,,1,1,0,0,1,0.5,0.5,0.0,0.0,0.5,0.3,Medium
HOPE,20,HOPE_topic20,10,,1,1,0,0,2,0.5,0.5,0.0,0.0,1.0,0.4,Medium
HOPE,21,HOPE_topic21,1,,0,1,0,0,1,0.0,0.5,0.0,0.0,0.5,0.2,Low
HOPE,21,HOPE_topic21,2,,1,2,0,0,1,0.5,1.0,0.0,0.0,0.5,0.4,Medium
HOPE,21,HOPE_topic21,3,,1,2,0,0,2,0.5,1.0,0.0,0.0,1.0,0.5,Medium
HOPE,21,HOPE_topic21,4,,1,1,0,0,1,0.5,0.5,0.0,0.0,0.5,0.3,Medium
HOPE,21,HOPE_topic21,5,,1,1,0,0,1,0.5,0.5,0.0,0.0,0.5,0.3,Medium
HOPE,21,HOPE_topic21,6,,1,0,0,0,1,0.5,0.0,0.0,0.0,0.5,0.2,Low
HOPE,21,HOPE_topic21,7,,2,1,0,0,1,1.0,0.5,0.0,0.0,0.5,0.4,Medium
HOPE,21,HOPE_topic21,8,,2,0,0,0,1,1.0,0.0,0.0,0.0,0.5,0.3,Medium
HOPE,21,HOPE_topic21,9,,0,0,0,0,1,0.0,0.0,0.0,0.0,0.5,0.1,Low
HOPE,21,HOPE_topic21,10,,1,1,0,0,0,0.5,0.5,0.0,0.0,0.0,0.2,Low
HOPE,22,HOPE_topic22,1,,1,1,0,0,2,0.5,0.5,0.0,0.0,1.0,0.4,Medium
HOPE,22,HOPE_topic22,2,,0,0,0,0,1,0.0,0.0,0.0,0.0,0.5,0.1,Low
HOPE,22,HOPE_topic22,3,,1,2,0,0,2,0.5,1.0,0.0,0.0,1.0,0.5,Medium
HOPE,22,HOPE_topic22,4,,1,1,0,0,2,0.5,0.5,0.0,0.0,1.0,0.4,Medium
HOPE,22,HOPE_topic22,5,,1,1,0,0,2,0.5,0.5,0.0,0.0,1.0,0.4,Medium
HOPE,22,HOPE_topic22,6,,1,1,0,0,2,0.5,0.5,0.0,0.0,1.0,0.4,Medium
HOPE,22,HOPE_topic22,7,,1,0,0,0,1,0.5,0.0,0.0,0.0,0.5,0.2,Low
HOPE,22,HOPE_topic22,8,,1,0,0,0,2,0.5,0.0,0.0,0.0,1.0,0.3,Medium
HOPE,22,HOPE_topic22,9,,1,2,0,0,0,0.5,1.0,0.0,0.0,0.0,0.3,Medium
HOPE,22,HOPE_topic22,10,,1,1,0,0,2,0.5,0.5,0.0,0.0,1.0,0.4,Medium
HOPE,23,HOPE_topic23,1,,0,2,0,1,2,0.0,1.0,0.0,1.0,1.0,0.6,High
HOPE,23,HOPE_topic23,2,,0,1,0,0,2,0.0,0.5,0.0,0.0,1.0,0.3,Medium
HOPE,23,HOPE_topic23,3,,0,2,0,0,2,0.0,1.0,0.0,0.0,1.0,0.4,Medium
HOPE,23,HOPE_topic23,4,,0,2,0,0,2,0.0,1.0,0.0,0.0,1.0,0.4,Medium
HOPE,23,HOPE_topic23,5,,0,1,0,0,2,0.0,0.5,0.0,0.0,1.0,0.3,Medium
HOPE,23,HOPE_topic23,6,,1,0,0,0,2,0.5,0.0,0.0,0.0,1.0,0.3,Medium
HOPE,23,HOPE_topic23,7,,1,1,0,0,2,0.5,0.5,0.0,0.0,1.0,0.4,Medium
HOPE,23,HOPE_topic23,8,,0,1,0,0,2,0.0,0.5,0.0,0.0,1.0,0.3,Medium
HOPE,23,HOPE_topic23,9,,1,1,0,0,2,0.5,0.5,0.0,0.0,1.0,0.4,Medium
HOPE,23,HOPE_topic23,10,,1,0,0,0,0,0.5,0.0,0.0,0.0,0.0,0.1,Low
HOPE,24,HOPE_topic24,1,,0,0,0,0,1,0.0,0.0,0.0,0.0,0.5,0.1,Low
HOPE,24,HOPE_topic24,2,,0,0,0,0,1,0.0,0.0,0.0,0.0,0.5,0.1,Low
HOPE,24,HOPE_topic24,3,,0,0,0,0,2,0.0,0.0,0.0,0.0,1.0,0.2,Low
HOPE,24,HOPE_topic24,4,,0,1,0,0,1,0.0,0.5,0.0,0.0,0.5,0.2,Low
HOPE,24,HOPE_topic24,5,,0,1,0,0,1,0.0,0.5,0.0,0.0,0.5,0.2,Low
HOPE,24,HOPE_topic24,6,,1,1,0,0,0,0.5,0.5,0.0,0.0,0.0,0.2,Low
HOPE,24,HOPE_topic24,7,,1,1,0,0,0,0.5,0.5,0.0,0.0,0.0,0.2,Low
HOPE,24,HOPE_topic24,8,,1,0,0,0,0,0.5,0.0,0.0,0.0,0.0,0.1,Low
HOPE,24,HOPE_topic24,9,,1,1,0,0,0,0.5,0.5,0.0,0.0,0.0,0.2,Low
HOPE,24,HOPE_topic24,10,,1,0,0,0,0,0.5,0.0,0.0,0.0,0.0,0.1,Low
HOPE,25,HOPE_topic25,1,,0,0,0,0,0,0.0,0.0,0.0,0.0,0.0,0.0,Low
HOPE,25,HOPE_topic25,2,,0,0,0,0,0,0.0,0.0,0.0,0.0,0.0,0.0,Low
HOPE,25,HOPE_topic25,3,,0,0,0,0,1,0.0,0.0,0.0,0.0,0.5,0.1,Low
HOPE,25,HOPE_topic25,4,,0,1,0,0,2,0.0,0.5,0.0,0.0,1.0,0.3,Medium
HOPE,25,HOPE_topic25,5,,2,1,0,0,2,1.0,0.5,0.0,0.0,1.0,0.5,Medium
HOPE,25,HOPE_topic25,6,,2,1,1,0,2,1.0,0.5,1.0,0.0,1.0,0.7,High
HOPE,25,HOPE_topic25,7,,2,1,1,0,2,1.0,0.5,1.0,0.0,1.0,0.7,High
HOPE,25,HOPE_topic25,8,,2,0,0,0,0,1.0,0.0,0.0,0.0,0.0,0.2,Low
HOPE,25,HOPE_topic25,9,,0,1,0,0,2,0.0,0.5,0.0,0.0,1.0,0.3,Medium
HOPE,25,HOPE_topic25,10,,2,0,0,0,2,1.0,0.0,0.0,0.0,1.0,0.4,Medium
HOPE,26,HOPE_topic26,1,,1,0,0,0,1,0.5,0.0,0.0,0.0,0.5,0.2,Low
HOPE,26,HOPE_topic26,2,,1,0,0,0,0,0.5,0.0,0.0,0.0,0.0,0.1,Low
HOPE,26,HOPE_topic26,3,,2,1,0,0,1,1.0,0.5,0.0,0.0,0.5,0.4,Medium
HOPE,26,HOPE_topic26,4,,2,0,0,0,1,1.0,0.0,0.0,0.0,0.5,0.3,Medium
HOPE,26,HOPE_topic26,5,,2,0,0,0,1,1.0,0.0,0.0,0.0,0.5,0.3,Medium
HOPE,26,HOPE_topic26,6,,2,0,0,0,0,1.0,0.0,0.0,0.0,0.0,0.2,Low
HOPE,26,HOPE_topic26,7,,2,0,0,0,0,1.0,0.0,0.0,0.0,0.0,0.2,Low
HOPE,26,HOPE_topic26,8,,2,0,0,0,0,1.0,0.0,0.0,0.0,0.0,0.2,Low
HOPE,26,HOPE_topic26,9,,2,0,0,0,0,1.0,0.0,0.0,0.0,0.0,0.2,Low
HOPE,26,HOPE_topic26,10,,2,2,0,0,0,1.0,1.0,0.0,0.0,0.0,0.4,Medium
HOPE,27,HOPE_topic27,1,,0,0,0,0,1,0.0,0.0,0.0,0.0,0.5,0.1,Low
HOPE,27,HOPE_topic27,2,,1,0,0,0,1,0.5,0.0,0.0,0.0,0.5,0.2,Low
HOPE,27,HOPE_topic27,3,,0,0,0,0,1,0.0,0.0,0.0,0.0,0.5,0.1,Low
HOPE,27,HOPE_topic27,4,,2,1,0,0,1,1.0,0.5,0.0,0.0,0.5,0.4,Medium
HOPE,27,HOPE_topic27,5,,2,1,0,0,2,1.0,0.5,0.0,0.0,1.0,0.5,Medium
HOPE,27,HOPE_topic27,6,,2,0,0,0,2,1.0,0.0,0.0,0.0,1.0,0.4,Medium
HOPE,27,HOPE_topic27,7,,2,0,0,0,1,1.0,0.0,0.0,0.0,0.5,0.3,Medium
HOPE,27,HOPE_topic27,8,,2,0,0,0,0,1.0,0.0,0.0,0.0,0.0,0.2,Low
HOPE,27,HOPE_topic27,9,,2,0,0,0,1,1.0,0.0,0.0,0.0,0.5,0.3,Medium
HOPE,27,HOPE_topic27,10,,2,0,0,0,1,1.0,0.0,0.0,0.0,0.5,0.3,Medium
HOPE,28,HOPE_topic28,1,,1,1,0,0,1,0.5,0.5,0.0,0.0,0.5,0.3,Medium
HOPE,28,HOPE_topic28,2,,0,1,0,0,2,0.0,0.5,0.0,0.0,1.0,0.3,Medium
HOPE,28,HOPE_topic28,3,,0,1,0,0,2,0.0,0.5,0.0,0.0,1.0,0.3,Medium
HOPE,28,HOPE_topic28,4,,1,2,0,0,2,0.5,1.0,0.0,0.0,1.0,0.5,Medium
HOPE,28,HOPE_topic28,5,,1,2,0,0,2,0.5,1.0,0.0,0.0,1.0,0.5,Medium
HOPE,28,HOPE_topic28,6,,1,1,0,0,2,0.5,0.5,0.0,0.0,1.0,0.4,Medium
HOPE,28,HOPE_topic28,7,,1,0,0,0,1,0.5,0.0,0.0,0.0,0.5,0.2,Low
HOPE,28,HOPE_topic28,8,,2,0,0,0,1,1.0,0.0,0.0,0.0,0.5,0.3,Medium
HOPE,28,HOPE_topic28,9,,2,0,0,0,2,1.0,0.0,0.0,0.0,1.0,0.4,Medium
HOPE,28,HOPE_topic28,10,,2,0,0,0,0,1.0,0.0,0.0,0.0,0.0,0.2,Low
HOPE,29,HOPE_topic29,1,,2,2,0,0,2,1.0,1.0,0.0,0.0,1.0,0.6,High
HOPE,29,HOPE_topic29,2,,0,2,0,0,2,0.0,1.0,0.0,0.0,1.0,0.4,Medium
HOPE,29,HOPE_topic29,3,,1,2,0,0,2,0.5,1.0,0.0,0.0,1.0,0.5,Medium
HOPE,29,HOPE_topic29,4,,2,2,1,0,2,1.0,1.0,1.0,0.0,1.0,0.8,High
HOPE,29,HOPE_topic29,5,,1,0,1,0,2,0.5,0.0,1.0,0.0,1.0,0.5,Medium
HOPE,29,HOPE_topic29,6,,2,1,0,0,2,1.0,0.5,0.0,0.0,1.0,0.5,Medium
HOPE,29,HOPE_topic29,7,,0,1,0,0,2,0.0,0.5,0.0,0.0,1.0,0.3,Medium
HOPE,29,HOPE_topic29,8,,2,2,0,0,2,1.0,1.0,0.0,0.0,1.0,0.6,High
HOPE,29,HOPE_topic29,9,,1,2,0,0,2,0.5,1.0,0.0,0.0,1.0,0.5,Medium
HOPE,29,HOPE_topic29,10,,2,1,1,0,2,1.0,0.5,1.0,0.0,1.0,0.7,High
HOPE,30,HOPE_topic30,1,,1,1,0,0,2,0.5,0.5,0.0,0.0,1.0,0.4,Medium
HOPE,30,HOPE_topic30,2,,0,1,0,0,2,0.0,0.5,0.0,0.0,1.0,0.3,Medium
HOPE,30,HOPE_topic30,3,,1,2,0,0,2,0.5,1.0,0.0,0.0,1.0,0.5,Medium
HOPE,30,HOPE_topic30,4,,2,2,0,0,2,1.0,1.0,0.0,0.0,1.0,0.6,High
HOPE,30,HOPE_topic30,5,,2,2,0,0,2,1.0,1.0,0.0,0.0,1.0,0.6,High
HOPE,30,HOPE_topic30,6,,2,2,0,0,2,1.0,1.0,0.0,0.0,1.0,0.6,High
HOPE,30,HOPE_topic30,7,,2,1,0,0,2,1.0,0.5,0.0,0.0,1.0,0.5,Medium
HOPE,30,HOPE_topic30,8,,2,2,0,0,2,1.0,1.0,0.0,0.0,1.0,0.6,High
HOPE,30,HOPE_topic30,9,,2,1,0,0,2,1.0,0.5,0.0,0.0,1.0,0.5,Medium
HOPE,30,HOPE_topic30,10,,0,0,0,0,1,0.0,0.0,0.0,0.0,0.5,0.1,Low
HOPE,31,HOPE_topic31,1,,2,0,1,0,2,1.0,0.0,1.0,0.0,1.0,0.6,High
HOPE,31,HOPE_topic31,2,,2,1,1,0,1,1.0,0.5,1.0,0.0,0.5,0.6,High
HOPE,31,HOPE_topic31,3,,1,0,1,0,2,0.5,0.0,1.0,0.0,1.0,0.5,Medium
HOPE,31,HOPE_topic31,4,,2,1,1,0,2,1.0,0.5,1.0,0.0,1.0,0.7,High
HOPE,31,HOPE_topic31,5,,1,2,1,0,2,0.5,1.0,1.0,0.0,1.0,0.7,High
HOPE,31,HOPE_topic31,6,,1,1,0,0,2,0.5,0.5,0.0,0.0,1.0,0.4,Medium
HOPE,31,HOPE_topic31,7,,2,1,1,0,2,1.0,0.5,1.0,0.0,1.0,0.7,High
HOPE,31,HOPE_topic31,8,,1,1,0,0,2,0.5,0.5,0.0,0.0,1.0,0.4,Medium
HOPE,31,HOPE_topic31,9,,1,1,1,0,2,0.5,0.5,1.0,0.0,1.0,0.6,High
HOPE,31,HOPE_topic31,10,,0,0,0,0,0,0.0,0.0,0.0,0.0,0.0,0.0,Low
HOPE,32,HOPE_topic32,1,,1,1,0,0,2,0.5,0.5,0.0,0.0,1.0,0.4,Medium
HOPE,32,HOPE_topic32,2,,1,0,0,0,0,0.5,0.0,0.0,0.0,0.0,0.1,Low
HOPE,32,HOPE_topic32,3,,1,1,0,0,2,0.5,0.5,0.0,0.0,1.0,0.4,Medium
HOPE,32,HOPE_topic32,4,,1,1,0,0,2,0.5,0.5,0.0,0.0,1.0,0.4,Medium
HOPE,32,HOPE_topic32,5,,1,1,0,0,2,0.5,0.5,0.0,0.0,1.0,0.4,Medium
HOPE,32,HOPE_topic32,6,,1,1,0,0,2,0.5,0.5,0.0,0.0,1.0,0.4,Medium
HOPE,32,HOPE_topic32,7,,0,0,0,0,1,0.0,0.0,0.0,0.0,0.5,0.1,Low
HOPE,32,HOPE_topic32,8,,1,0,0,0,1,0.5,0.0,0.0,0.0,0.5,0.2,Low
HOPE,32,HOPE_topic32,9,,1,1,0,0,2,0.5,0.5,0.0,0.0,1.0,0.4,Medium
HOPE,32,HOPE_topic32,10,,1,1,0,0,2,0.5,0.5,0.0,0.0,1.0,0.4,Medium
HOPE,33,HOPE_topic33,1,,0,1,0,0,0,0.0,0.5,0.0,0.0,0.0,0.1,Low
HOPE,33,HOPE_topic33,2,,0,0,0,0,1,0.0,0.0,0.0,0.0,0.5,0.1,Low
HOPE,33,HOPE_topic33,3,,2,1,0,0,1,1.0,0.5,0.0,0.0,0.5,0.4,Medium
HOPE,33,HOPE_topic33,4,,1,1,0,0,1,0.5,0.5,0.0,0.0,0.5,0.3,Medium
HOPE,33,HOPE_topic33,5,,1,0,0,0,1,0.5,0.0,0.0,0.0,0.5,0.2,Low
HOPE,33,HOPE_topic33,6,,0,0,0,0,1,0.0,0.0,0.0,0.0,0.5,0.1,Low
HOPE,33,HOPE_topic33,7,,0,0,0,0,1,0.0,0.0,0.0,0.0,0.5,0.1,Low
HOPE,33,HOPE_topic33,8,,0,0,0,0,0,0.0,0.0,0.0,0.0,0.0,0.0,Low
HOPE,33,HOPE_topic33,9,,0,1,0,0,0,0.0,0.5,0.0,0.0,0.0,0.1,Low
HOPE,33,HOPE_topic33,10,,1,0,0,0,1,0.5,0.0,0.0,0.0,0.5,0.2,Low
HOPE,34,HOPE_topic34,1,,1,1,0,0,2,0.5,0.5,0.0,0.0,1.0,0.4,Medium
HOPE,34,HOPE_topic34,2,,2,1,1,0,2,1.0,0.5,1.0,0.0,1.0,0.7,High
HOPE,34,HOPE_topic34,3,,2,1,0,0,2,1.0,0.5,0.0,0.0,1.0,0.5,Medium
HOPE,34,HOPE_topic34,4,,1,1,0,0,2,0.5,0.5,0.0,0.0,1.0,0.4,Medium
HOPE,34,HOPE_topic34,5,,1,2,0,0,2,0.5,1.0,0.0,0.0,1.0,0.5,Medium
HOPE,34,HOPE_topic34,6,,1,0,0,0,1,0.5,0.0,0.0,0.0,0.5,0.2,Low
HOPE,34,HOPE_topic34,7,,2,1,0,0,2,1.0,0.5,0.0,0.0,1.0,0.5,Medium
HOPE,34,HOPE_topic34,8,,0,1,0,0,2,0.0,0.5,0.0,0.0,1.0,0.3,Medium
HOPE,34,HOPE_topic34,9,,0,2,0,0,2,0.0,1.0,0.0,0.0,1.0,0.4,Medium
HOPE,34,HOPE_topic34,10,,0,1,0,0,2,0.0,0.5,0.0,0.0,1.0,0.3,Medium
HOPE,35,HOPE_topic35,1,,1,1,0,0,2,0.5,0.5,0.0,0.0,1.0,0.4,Medium
HOPE,35,HOPE_topic35,2,,0,0,0,0,1,0.0,0.0,0.0,0.0,0.5,0.1,Low
HOPE,35,HOPE_topic35,3,,1,0,0,0,1,0.5,0.0,0.0,0.0,0.5,0.2,Low
HOPE,35,HOPE_topic35,4,,0,1,0,0,2,0.0,0.5,0.0,0.0,1.0,0.3,Medium
HOPE,35,HOPE_topic35,5,,1,1,0,0,1,0.5,0.5,0.0,0.0,0.5,0.3,Medium
HOPE,35,HOPE_topic35,6,,0,0,0,0,2,0.0,0.0,0.0,0.0,1.0,0.2,Low
HOPE,35,HOPE_topic35,7,,0,1,0,0,1,0.0,0.5,0.0,0.0,0.5,0.2,Low
HOPE,35,HOPE_topic35,8,,1,1,0,0,2,0.5,0.5,0.0,0.0,1.0,0.4,Medium
HOPE,35,HOPE_topic35,9,,1,1,0,0,1,0.5,0.5,0.0,0.0,0.5,0.3,Medium
HOPE,35,HOPE_topic35,10,,1,1,0,0,2,0.5,0.5,0.0,0.0,1.0,0.4,Medium
HOPE,36,HOPE_topic36,1,,2,1,0,0,1,1.0,0.5,0.0,0.0,0.5,0.4,Medium
HOPE,36,HOPE_topic36,2,,2,1,1,0,2,1.0,0.5,1.0,0.0,1.0,0.7,High
HOPE,36,HOPE_topic36,3,,2,1,0,0,2,1.0,0.5,0.0,0.0,1.0,0.5,Medium
HOPE,36,HOPE_topic36,4,,1,1,0,0,2,0.5,0.5,0.0,0.0,1.0,0.4,Medium
HOPE,36,HOPE_topic36,5,,2,1,1,0,2,1.0,0.5,1.0,0.0,1.0,0.7,High
HOPE,36,HOPE_topic36,6,,1,1,0,0,1,0.5,0.5,0.0,0.0,0.5,0.3,Medium
HOPE,36,HOPE_topic36,7,,2,1,1,0,2,1.0,0.5,1.0,0.0,1.0,0.7,High
HOPE,36,HOPE_topic36,8,,1,0,0,0,1,0.5,0.0,0.0,0.0,0.5,0.2,Low
HOPE,36,HOPE_topic36,9,,2,1,1,0,2,1.0,0.5,1.0,0.0,1.0,0.7,High
HOPE,36,HOPE_topic36,10,,2,1,1,0,2,1.0,0.5,1.0,0.0,1.0,0.7,High
CareBench,1,CareBench_topic01,1,,1,1,0,0,2,0.5,0.5,0.0,0.0,1.0,0.4,Medium
CareBench,1,CareBench_topic01,2,,0,1,0,1,2,0.0,0.5,0.0,1.0,1.0,0.5,Medium
CareBench,1,CareBench_topic01,3,,2,2,0,0,2,1.0,1.0,0.0,0.0,1.0,0.6,High
CareBench,1,CareBench_topic01,4,,1,1,0,0,2,0.5,0.5,0.0,0.0,1.0,0.4,Medium
CareBench,1,CareBench_topic01,5,,1,2,0,0,2,0.5,1.0,0.0,0.0,1.0,0.5,Medium
CareBench,1,CareBench_topic01,6,,1,2,0,0,2,0.5,1.0,0.0,0.0,1.0,0.5,Medium
CareBench,1,CareBench_topic01,7,,1,1,0,0,2,0.5,0.5,0.0,0.0,1.0,0.4,Medium
CareBench,1,CareBench_topic01,8,,0,1,0,0,2,0.0,0.5,0.0,0.0,1.0,0.3,Medium
CareBench,1,CareBench_topic01,9,,0,1,0,0,2,0.0,0.5,0.0,0.0,1.0,0.3,Medium
CareBench,1,CareBench_topic01,10,,1,2,0,0,2,0.5,1.0,0.0,0.0,1.0,0.5,Medium
CareBench,2,CareBench_topic02,1,,1,0,0,0,2,0.5,0.0,0.0,0.0,1.0,0.3,Medium
CareBench,2,CareBench_topic02,2,,1,2,0,0,2,0.5,1.0,0.0,0.0,1.0,0.5,Medium
CareBench,2,CareBench_topic02,3,,1,2,0,0,2,0.5,1.0,0.0,0.0,1.0,0.5,Medium
CareBench,2,CareBench_topic02,4,,1,1,0,0,2,0.5,0.5,0.0,0.0,1.0,0.4,Medium
CareBench,2,CareBench_topic02,5,,0,1,0,0,2,0.0,0.5,0.0,0.0,1.0,0.3,Medium
CareBench,2,CareBench_topic02,6,,0,1,0,0,2,0.0,0.5,0.0,0.0,1.0,0.3,Medium
CareBench,2,CareBench_topic02,7,,2,2,0,0,2,1.0,1.0,0.0,0.0,1.0,0.6,High
CareBench,2,CareBench_topic02,8,,0,2,0,0,2,0.0,1.0,0.0,0.0,1.0,0.4,Medium
CareBench,2,CareBench_topic02,9,,1,2,0,0,2,0.5,1.0,0.0,0.0,1.0,0.5,Medium
CareBench,2,CareBench_topic02,10,,0,1,0,0,2,0.0,0.5,0.0,0.0,1.0,0.3,Medium
CareBench,3,CareBench_topic03,1,,1,2,0,1,2,0.5,1.0,0.0,1.0,1.0,0.7,High
CareBench,3,CareBench_topic03,2,,0,2,0,0,2,0.0,1.0,0.0,0.0,1.0,0.4,Medium
CareBench,3,CareBench_topic03,3,,0,1,0,0,2,0.0,0.5,0.0,0.0,1.0,0.3,Medium
CareBench,3,CareBench_topic03,4,,0,1,0,0,2,0.0,0.5,0.0,0.0,1.0,0.3,Medium
CareBench,3,CareBench_topic03,5,,0,0,0,0,2,0.0,0.0,0.0,0.0,1.0,0.2,Low
CareBench,3,CareBench_topic03,6,,0,2,0,0,2,0.0,1.0,0.0,0.0,1.0,0.4,Medium
CareBench,3,CareBench_topic03,7,,0,1,0,0,2,0.0,0.5,0.0,0.0,1.0,0.3,Medium
CareBench,3,CareBench_topic03,8,,1,1,0,0,2,0.5,0.5,0.0,0.0,1.0,0.4,Medium
CareBench,3,CareBench_topic03,9,,0,1,0,0,2,0.0,0.5,0.0,0.0,1.0,0.3,Medium
CareBench,3,CareBench_topic03,10,,0,0,0,0,0,0.0,0.0,0.0,0.0,0.0,0.0,Low
CareBench,4,CareBench_topic04,1,,0,1,0,0,2,0.0,0.5,0.0,0.0,1.0,0.3,Medium
CareBench,4,CareBench_topic04,2,,1,2,0,0,2,0.5,1.0,0.0,0.0,1.0,0.5,Medium
CareBench,4,CareBench_topic04,3,,1,1,0,0,2,0.5,0.5,0.0,0.0,1.0,0.4,Medium
CareBench,4,CareBench_topic04,4,,0,1,0,0,2,0.0,0.5,0.0,0.0,1.0,0.3,Medium
CareBench,4,CareBench_topic04,5,,0,1,0,0,2,0.0,0.5,0.0,0.0,1.0,0.3,Medium
CareBench,4,CareBench_topic04,6,,1,1,0,0,2,0.5,0.5,0.0,0.0,1.0,0.4,Medium
CareBench,4,CareBench_topic04,7,,0,0,0,0,1,0.0,0.0,0.0,0.0,0.5,0.1,Low
CareBench,4,CareBench_topic04,8,,0,0,0,0,1,0.0,0.0,0.0,0.0,0.5,0.1,Low
CareBench,4,CareBench_topic04,9,,0,0,0,0,1,0.0,0.0,0.0,0.0,0.5,0.1,Low
CareBench,4,CareBench_topic04,10,,0,0,0,0,1,0.0,0.0,0.0,0.0,0.5,0.1,Low
CareBench,5,CareBench_topic05,1,,1,2,0,0,2,0.5,1.0,0.0,0.0,1.0,0.5,Medium
CareBench,5,CareBench_topic05,2,,1,2,0,0,2,0.5,1.0,0.0,0.0,1.0,0.5,Medium
CareBench,5,CareBench_topic05,3,,1,2,0,0,2,0.5,1.0,0.0,0.0,1.0,0.5,Medium
CareBench,5,CareBench_topic05,4,,0,0,0,0,2,0.0,0.0,0.0,0.0,1.0,0.2,Low
CareBench,5,CareBench_topic05,5,,0,1,0,0,2,0.0,0.5,0.0,0.0,1.0,0.3,Medium
CareBench,5,CareBench_topic05,6,,1,2,0,0,2,0.5,1.0,0.0,0.0,1.0,0.5,Medium
CareBench,5,CareBench_topic05,7,,0,1,0,0,2,0.0,0.5,0.0,0.0,1.0,0.3,Medium
CareBench,5,CareBench_topic05,8,,0,1,0,0,0,0.0,0.5,0.0,0.0,0.0,0.1,Low
CareBench,5,CareBench_topic05,9,,1,1,0,0,1,0.5,0.5,0.0,0.0,0.5,0.3,Medium
CareBench,5,CareBench_topic05,10,,0,1,0,0,2,0.0,0.5,0.0,0.0,1.0,0.3,Medium
CareBench,6,CareBench_topic06,1,,1,2,0,0,2,0.5,1.0,0.0,0.0,1.0,0.5,Medium
CareBench,6,CareBench_topic06,2,,1,1,0,0,2,0.5,0.5,0.0,0.0,1.0,0.4,Medium
CareBench,6,CareBench_topic06,3,,1,2,0,0,2,0.5,1.0,0.0,0.0,1.0,0.5,Medium
CareBench,6,CareBench_topic06,4,,0,1,0,0,2,0.0,0.5,0.0,0.0,1.0,0.3,Medium
CareBench,6,CareBench_topic06,5,,0,1,0,1,2,0.0,0.5,0.0,1.0,1.0,0.5,Medium
CareBench,6,CareBench_topic06,6,,0,2,1,0,2,0.0,1.0,1.0,0.0,1.0,0.6,High
CareBench,6,CareBench_topic06,7,,1,1,0,0,2,0.5,0.5,0.0,0.0,1.0,0.4,Medium
CareBench,6,CareBench_topic06,8,,0,0,0,0,1,0.0,0.0,0.0,0.0,0.5,0.1,Low
CareBench,6,CareBench_topic06,9,,0,0,0,0,0,0.0,0.0,0.0,0.0,0.0,0.0,Low
CareBench,6,CareBench_topic06,10,,0,0,0,0,0,0.0,0.0,0.0,0.0,0.0,0.0,Low
CareBench,7,CareBench_topic07,1,,1,1,0,1,1,0.5,0.5,0.0,1.0,0.5,0.5,Medium
CareBench,7,CareBench_topic07,2,,1,1,0,0,1,0.5,0.5,0.0,0.0,0.5,0.3,Medium
CareBench,7,CareBench_topic07,3,,2,2,0,0,2,1.0,1.0,0.0,0.0,1.0,0.6,High
CareBench,7,CareBench_topic07,4,,2,2,1,0,2,1.0,1.0,1.0,0.0,1.0,0.8,High
CareBench,7,CareBench_topic07,5,,2,2,0,0,2,1.0,1.0,0.0,0.0,1.0,0.6,High
CareBench,7,CareBench_topic07,6,,0,1,0,0,2,0.0,0.5,0.0,0.0,1.0,0.3,Medium
CareBench,7,CareBench_topic07,7,,1,1,0,0,2,0.5,0.5,0.0,0.0,1.0,0.4,Medium
CareBench,7,CareBench_topic07,8,,1,1,0,0,2,0.5,0.5,0.0,0.0,1.0,0.4,Medium
CareBench,7,CareBench_topic07,9,,1,0,0,0,2,0.5,0.0,0.0,0.0,1.0,0.3,Medium
CareBench,7,CareBench_topic07,10,,1,1,0,0,1,0.5,0.5,0.0,0.0,0.5,0.3,Medium
CareBench,8,CareBench_topic08,1,,1,1,0,0,2,0.5,0.5,0.0,0.0,1.0,0.4,Medium
CareBench,8,CareBench_topic08,2,,1,1,0,0,2,0.5,0.5,0.0,0.0,1.0,0.4,Medium
CareBench,8,CareBench_topic08,3,,1,1,0,0,2,0.5,0.5,0.0,0.0,1.0,0.4,Medium
CareBench,8,CareBench_topic08,4,,0,1,0,0,1,0.0,0.5,0.0,0.0,0.5,0.2,Low
CareBench,8,CareBench_topic08,5,,0,1,0,0,2,0.0,0.5,0.0,0.0,1.0,0.3,Medium
CareBench,8,CareBench_topic08,6,,1,2,0,0,2,0.5,1.0,0.0,0.0,1.0,0.5,Medium
CareBench,8,CareBench_topic08,7,,0,1,0,0,1,0.0,0.5,0.0,0.0,0.5,0.2,Low
CareBench,8,CareBench_topic08,8,,0,0,0,0,1,0.0,0.0,0.0,0.0,0.5,0.1,Low
CareBench,8,CareBench_topic08,9,,1,2,0,0,2,0.5,1.0,0.0,0.0,1.0,0.5,Medium
CareBench,8,CareBench_topic08,10,,1,1,0,0,1,0.5,0.5,0.0,0.0,0.5,0.3,Medium
CareBench,9,CareBench_topic09,1,,2,2,0,0,2,1.0,1.0,0.0,0.0,1.0,0.6,High
CareBench,9,CareBench_topic09,2,,2,1,0,0,1,1.0,0.5,0.0,0.0,0.5,0.4,Medium
CareBench,9,CareBench_topic09,3,,1,0,0,0,1,0.5,0.0,0.0,0.0,0.5,0.2,Low
CareBench,9,CareBench_topic09,4,,1,0,0,0,2,0.5,0.0,0.0,0.0,1.0,0.3,Medium
CareBench,9,CareBench_topic09,5,,2,1,0,0,2,1.0,0.5,0.0,0.0,1.0,0.5,Medium
CareBench,9,CareBench_topic09,6,,1,0,0,0,1,0.5,0.0,0.0,0.0,0.5,0.2,Low
CareBench,9,CareBench_topic09,7,,2,1,1,0,2,1.0,0.5,1.0,0.0,1.0,0.7,High
CareBench,9,CareBench_topic09,8,,1,1,0,0,1,0.5,0.5,0.0,0.0,0.5,0.3,Medium
CareBench,9,CareBench_topic09,9,,2,0,0,0,2,1.0,0.0,0.0,0.0,1.0,0.4,Medium
CareBench,9,CareBench_topic09,10,,1,1,0,0,2,0.5,0.5,0.0,0.0,1.0,0.4,Medium
CareBench,10,CareBench_topic10,1,,1,0,0,0,2,0.5,0.0,0.0,0.0,1.0,0.3,Medium
CareBench,10,CareBench_topic10,2,,1,2,0,0,2,0.5,1.0,0.0,0.0,1.0,0.5,Medium
CareBench,10,CareBench_topic10,3,,2,1,0,0,2,1.0,0.5,0.0,0.0,1.0,0.5,Medium
CareBench,10,CareBench_topic10,4,,1,1,0,0,2,0.5,0.5,0.0,0.0,1.0,0.4,Medium
CareBench,10,CareBench_topic10,5,,1,0,0,0,2,0.5,0.0,0.0,0.0,1.0,0.3,Medium
CareBench,10,CareBench_topic10,6,,2,1,0,0,2,1.0,0.5,0.0,0.0,1.0,0.5,Medium
CareBench,10,CareBench_topic10,7,,1,1,0,1,2,0.5,0.5,0.0,1.0,1.0,0.6,High
CareBench,10,CareBench_topic10,8,,1,1,0,0,2,0.5,0.5,0.0,0.0,1.0,0.4,Medium
CareBench,10,CareBench_topic10,9,,2,2,0,0,2,1.0,1.0,0.0,0.0,1.0,0.6,High
CareBench,10,CareBench_topic10,10,,1,1,0,0,2,0.5,0.5,0.0,0.0,1.0,0.4,Medium
CareBench,11,CareBench_topic11,1,,2,2,1,0,2,1.0,1.0,1.0,0.0,1.0,0.8,High
CareBench,11,CareBench_topic11,2,,1,1,0,0,2,0.5,0.5,0.0,0.0,1.0,0.4,Medium
CareBench,11,CareBench_topic11,3,,2,2,0,0,2,1.0,1.0,0.0,0.0,1.0,0.6,High
CareBench,11,CareBench_topic11,4,,2,2,0,0,2,1.0,1.0,0.0,0.0,1.0,0.6,High
CareBench,11,CareBench_topic11,5,,0,1,0,0,2,0.0,0.5,0.0,0.0,1.0,0.3,Medium
CareBench,11,CareBench_topic11,6,,1,2,0,0,2,0.5,1.0,0.0,0.0,1.0,0.5,Medium
CareBench,11,CareBench_topic11,7,,2,1,0,0,2,1.0,0.5,0.0,0.0,1.0,0.5,Medium
CareBench,11,CareBench_topic11,8,,1,2,0,0,2,0.5,1.0,0.0,0.0,1.0,0.5,Medium
CareBench,11,CareBench_topic11,9,,1,1,0,0,2,0.5,0.5,0.0,0.0,1.0,0.4,Medium
CareBench,11,CareBench_topic11,10,,1,1,0,0,2,0.5,0.5,0.0,0.0,1.0,0.4,Medium
CareBench,12,CareBench_topic12,1,,1,2,0,0,2,0.5,1.0,0.0,0.0,1.0,0.5,Medium
CareBench,12,CareBench_topic12,2,,2,2,0,0,2,1.0,1.0,0.0,0.0,1.0,0.6,High
CareBench,12,CareBench_topic12,3,,1,2,0,0,2,0.5,1.0,0.0,0.0,1.0,0.5,Medium
CareBench,12,CareBench_topic12,4,,1,2,0,0,2,0.5,1.0,0.0,0.0,1.0,0.5,Medium
CareBench,12,CareBench_topic12,5,,1,1,0,0,2,0.5,0.5,0.0,0.0,1.0,0.4,Medium
CareBench,12,CareBench_topic12,6,,2,1,0,0,2,1.0,0.5,0.0,0.0,1.0,0.5,Medium
CareBench,12,CareBench_topic12,7,,2,2,0,0,2,1.0,1.0,0.0,0.0,1.0,0.6,High
CareBench,12,CareBench_topic12,8,,2,1,0,0,2,1.0,0.5,0.0,0.0,1.0,0.5,Medium
CareBench,12,CareBench_topic12,9,,2,2,0,0,2,1.0,1.0,0.0,0.0,1.0,0.6,High
CareBench,12,CareBench_topic12,10,,2,1,0,0,2,1.0,0.5,0.0,0.0,1.0,0.5,Medium
CareBench,13,CareBench_topic13,1,,0,2,0,0,2,0.0,1.0,0.0,0.0,1.0,0.4,Medium
CareBench,13,CareBench_topic13,2,,1,2,0,0,2,0.5,1.0,0.0,0.0,1.0,0.5,Medium
CareBench,13,CareBench_topic13,3,,1,1,0,0,1,0.5,0.5,0.0,0.0,0.5,0.3,Medium
CareBench,13,CareBench_topic13,4,,0,1,0,0,1,0.0,0.5,0.0,0.0,0.5,0.2,Low
CareBench,13,CareBench_topic13,5,,1,0,0,0,2,0.5,0.0,0.0,0.0,1.0,0.3,Medium
CareBench,13,CareBench_topic13,6,,1,1,0,0,0,0.5,0.5,0.0,0.0,0.0,0.2,Low
CareBench,13,CareBench_topic13,7,,1,0,0,0,1,0.5,0.0,0.0,0.0,0.5,0.2,Low
CareBench,13,CareBench_topic13,8,,1,0,0,0,1,0.5,0.0,0.0,0.0,0.5,0.2,Low
CareBench,13,CareBench_topic13,9,,0,1,0,0,2,0.0,0.5,0.0,0.0,1.0,0.3,Medium
CareBench,13,CareBench_topic13,10,,1,0,0,0,1,0.5,0.0,0.0,0.0,0.5,0.2,Low
CareBench,14,CareBench_topic14,1,,1,1,0,0,1,0.5,0.5,0.0,0.0,0.5,0.3,Medium
CareBench,14,CareBench_topic14,2,,0,2,0,0,1,0.0,1.0,0.0,0.0,0.5,0.3,Medium
CareBench,14,CareBench_topic14,3,,0,1,0,0,2,0.0,0.5,0.0,0.0,1.0,0.3,Medium
CareBench,14,CareBench_topic14,4,,1,1,0,0,1,0.5,0.5,0.0,0.0,0.5,0.3,Medium
CareBench,14,CareBench_topic14,5,,0,1,0,0,0,0.0,0.5,0.0,0.0,0.0,0.1,Low
CareBench,14,CareBench_topic14,6,,0,1,0,0,1,0.0,0.5,0.0,0.0,0.5,0.2,Low
CareBench,14,CareBench_topic14,7,,1,0,0,1,0,0.5,0.0,0.0,1.0,0.0,0.3,Medium
CareBench,14,CareBench_topic14,8,,1,0,0,0,1,0.5,0.0,0.0,0.0,0.5,0.2,Low
CareBench,14,CareBench_topic14,9,,1,0,0,0,0,0.5,0.0,0.0,0.0,0.0,0.1,Low
CareBench,14,CareBench_topic14,10,,0,1,0,1,1,0.0,0.5,0.0,1.0,0.5,0.4,Medium
CareBench,15,CareBench_topic15,1,,0,2,0,0,2,0.0,1.0,0.0,0.0,1.0,0.4,Medium
CareBench,15,CareBench_topic15,2,,0,1,0,0,2,0.0,0.5,0.0,0.0,1.0,0.3,Medium
CareBench,15,CareBench_topic15,3,,0,1,0,0,1,0.0,0.5,0.0,0.0,0.5,0.2,Low
CareBench,15,CareBench_topic15,4,,0,1,0,1,2,0.0,0.5,0.0,1.0,1.0,0.5,Medium
CareBench,15,CareBench_topic15,5,,0,1,0,0,1,0.0,0.5,0.0,0.0,0.5,0.2,Low
CareBench,15,CareBench_topic15,6,,0,0,0,0,2,0.0,0.0,0.0,0.0,1.0,0.2,Low
CareBench,15,CareBench_topic15,7,,0,1,0,0,1,0.0,0.5,0.0,0.0,0.5,0.2,Low
CareBench,15,CareBench_topic15,8,,0,1,0,0,1,0.0,0.5,0.0,0.0,0.5,0.2,Low
CareBench,15,CareBench_topic15,9,,0,1,0,0,0,0.0,0.5,0.0,0.0,0.0,0.1,Low
CareBench,15,CareBench_topic15,10,,0,1,0,0,2,0.0,0.5,0.0,0.0,1.0,0.3,Medium
CareBench,16,CareBench_topic16,1,,1,2,0,0,2,0.5,1.0,0.0,0.0,1.0,0.5,Medium
CareBench,16,CareBench_topic16,2,,0,2,0,0,2,0.0,1.0,0.0,0.0,1.0,0.4,Medium
CareBench,16,CareBench_topic16,3,,1,1,0,0,2,0.5,0.5,0.0,0.0,1.0,0.4,Medium
CareBench,16,CareBench_topic16,4,,1,2,0,0,0,0.5,1.0,0.0,0.0,0.0,0.3,Medium
CareBench,16,CareBench_topic16,5,,0,0,0,0,1,0.0,0.0,0.0,0.0,0.5,0.1,Low
CareBench,16,CareBench_topic16,6,,1,0,0,0,0,0.5,0.0,0.0,0.0,0.0,0.1,Low
CareBench,16,CareBench_topic16,7,,1,0,0,0,1,0.5,0.0,0.0,0.0,0.5,0.2,Low
CareBench,16,CareBench_topic16,8,,0,1,0,0,0,0.0,0.5,0.0,0.0,0.0,0.1,Low
CareBench,16,CareBench_topic16,9,,0,0,0,0,0,0.0,0.0,0.0,0.0,0.0,0.0,Low
CareBench,16,CareBench_topic16,10,,0,0,0,0,0,0.0,0.0,0.0,0.0,0.0,0.0,Low
CareBench,17,CareBench_topic17,1,,0,2,0,0,2,0.0,1.0,0.0,0.0,1.0,0.4,Medium
CareBench,17,CareBench_topic17,2,,0,1,0,0,2,0.0,0.5,0.0,0.0,1.0,0.3,Medium
CareBench,17,CareBench_topic17,3,,1,2,0,0,2,0.5,1.0,0.0,0.0,1.0,0.5,Medium
CareBench,17,CareBench_topic17,4,,0,1,0,0,1,0.0,0.5,0.0,0.0,0.5,0.2,Low
CareBench,17,CareBench_topic17,5,,0,1,0,0,1,0.0,0.5,0.0,0.0,0.5,0.2,Low
CareBench,17,CareBench_topic17,6,,1,1,0,0,0,0.5,0.5,0.0,0.0,0.0,0.2,Low
CareBench,17,CareBench_topic17,7,,1,1,0,0,0,0.5,0.5,0.0,0.0,0.0,0.2,Low
CareBench,17,CareBench_topic17,8,,1,1,0,0,2,0.5,0.5,0.0,0.0,1.0,0.4,Medium
CareBench,17,CareBench_topic17,9,,0,1,0,0,1,0.0,0.5,0.0,0.0,0.5,0.2,Low
CareBench,17,CareBench_topic17,10,,1,0,0,0,1,0.5,0.0,0.0,0.0,0.5,0.2,Low
CareBench,18,CareBench_topic18,1,,2,2,0,0,2,1.0,1.0,0.0,0.0,1.0,0.6,High
CareBench,18,CareBench_topic18,2,,0,1,0,0,2,0.0,0.5,0.0,0.0,1.0,0.3,Medium
CareBench,18,CareBench_topic18,3,,0,1,0,0,2,0.0,0.5,0.0,0.0,1.0,0.3,Medium
CareBench,18,CareBench_topic18,4,,0,2,0,0,1,0.0,1.0,0.0,0.0,0.5,0.3,Medium
CareBench,18,CareBench_topic18,5,,0,1,0,0,2,0.0,0.5,0.0,0.0,1.0,0.3,Medium
CareBench,18,CareBench_topic18,6,,1,1,0,0,1,0.5,0.5,0.0,0.0,0.5,0.3,Medium
CareBench,18,CareBench_topic18,7,,0,1,0,0,2,0.0,0.5,0.0,0.0,1.0,0.3,Medium
CareBench,18,CareBench_topic18,8,,0,1,0,0,2,0.0,0.5,0.0,0.0,1.0,0.3,Medium
CareBench,18,CareBench_topic18,9,,0,1,0,0,2,0.0,0.5,0.0,0.0,1.0,0.3,Medium
CareBench,18,CareBench_topic18,10,,0,1,0,0,1,0.0,0.5,0.0,0.0,0.5,0.2,Low
CareBench,19,CareBench_topic19,1,,0,1,0,0,2,0.0,0.5,0.0,0.0,1.0,0.3,Medium
CareBench,19,CareBench_topic19,2,,0,1,0,0,2,0.0,0.5,0.0,0.0,1.0,0.3,Medium
CareBench,19,CareBench_topic19,3,,0,1,0,0,2,0.0,0.5,0.0,0.0,1.0,0.3,Medium
CareBench,19,CareBench_topic19,4,,0,1,0,0,1,0.0,0.5,0.0,0.0,0.5,0.2,Low
CareBench,19,CareBench_topic19,5,,0,1,0,0,2,0.0,0.5,0.0,0.0,1.0,0.3,Medium
CareBench,19,CareBench_topic19,6,,1,0,0,0,1,0.5,0.0,0.0,0.0,0.5,0.2,Low
CareBench,19,CareBench_topic19,7,,0,1,0,0,2,0.0,0.5,0.0,0.0,1.0,0.3,Medium
CareBench,19,CareBench_topic19,8,,1,1,0,0,2,0.5,0.5,0.0,0.0,1.0,0.4,Medium
CareBench,19,CareBench_topic19,9,,0,0,0,1,1,0.0,0.0,0.0,1.0,0.5,0.3,Medium
CareBench,19,CareBench_topic19,10,,0,1,0,0,2,0.0,0.5,0.0,0.0,1.0,0.3,Medium
CareBench,20,CareBench_topic20,1,,1,0,0,0,1,0.5,0.0,0.0,0.0,0.5,0.2,Low
CareBench,20,CareBench_topic20,2,,1,1,0,0,1,0.5,0.5,0.0,0.0,0.5,0.3,Medium
CareBench,20,CareBench_topic20,3,,1,0,0,0,1,0.5,0.0,0.0,0.0,0.5,0.2,Low
CareBench,20,CareBench_topic20,4,,1,1,0,0,1,0.5,0.5,0.0,0.0,0.5,0.3,Medium
CareBench,20,CareBench_topic20,5,,0,1,0,0,2,0.0,0.5,0.0,0.0,1.0,0.3,Medium
CareBench,20,CareBench_topic20,6,,1,1,0,0,1,0.5,0.5,0.0,0.0,0.5,0.3,Medium
CareBench,20,CareBench_topic20,7,,0,0,0,0,1,0.0,0.0,0.0,0.0,0.5,0.1,Low
CareBench,20,CareBench_topic20,8,,0,0,0,0,1,0.0,0.0,0.0,0.0,0.5,0.1,Low
CareBench,20,CareBench_topic20,9,,1,2,0,1,2,0.5,1.0,0.0,1.0,1.0,0.7,High
CareBench,20,CareBench_topic20,10,,0,2,0,0,2,0.0,1.0,0.0,0.0,1.0,0.4,Medium
CareBench,21,CareBench_topic21,1,,0,1,0,0,2,0.0,0.5,0.0,0.0,1.0,0.3,Medium
CareBench,21,CareBench_topic21,2,,0,1,0,0,2,0.0,0.5,0.0,0.0,1.0,0.3,Medium
CareBench,21,CareBench_topic21,3,,0,2,0,0,2,0.0,1.0,0.0,0.0,1.0,0.4,Medium
CareBench,21,CareBench_topic21,4,,0,0,0,1,2,0.0,0.0,0.0,1.0,1.0,0.4,Medium
CareBench,21,CareBench_topic21,5,,0,0,0,1,2,0.0,0.0,0.0,1.0,1.0,0.4,Medium
CareBench,21,CareBench_topic21,6,,0,0,0,0,1,0.0,0.0,0.0,0.0,0.5,0.1,Low
CareBench,21,CareBench_topic21,7,,1,1,0,0,2,0.5,0.5,0.0,0.0,1.0,0.4,Medium
CareBench,21,CareBench_topic21,8,,0,1,0,1,2,0.0,0.5,0.0,1.0,1.0,0.5,Medium
CareBench,21,CareBench_topic21,9,,1,0,0,0,2,0.5,0.0,0.0,0.0,1.0,0.3,Medium
CareBench,21,CareBench_topic21,10,,1,0,0,0,1,0.5,0.0,0.0,0.0,0.5,0.2,Low
CareBench,22,CareBench_topic22,1,,1,2,0,0,2,0.5,1.0,0.0,0.0,1.0,0.5,Medium
CareBench,22,CareBench_topic22,2,,0,0,0,0,1,0.0,0.0,0.0,0.0,0.5,0.1,Low
CareBench,22,CareBench_topic22,3,,0,0,0,0,2,0.0,0.0,0.0,0.0,1.0,0.2,Low
CareBench,22,CareBench_topic22,4,,0,1,0,0,2,0.0,0.5,0.0,0.0,1.0,0.3,Medium
CareBench,22,CareBench_topic22,5,,0,0,0,0,1,0.0,0.0,0.0,0.0,0.5,0.1,Low
CareBench,22,CareBench_topic22,6,,1,1,0,0,2,0.5,0.5,0.0,0.0,1.0,0.4,Medium
CareBench,22,CareBench_topic22,7,,0,1,0,0,2,0.0,0.5,0.0,0.0,1.0,0.3,Medium
CareBench,22,CareBench_topic22,8,,0,1,0,0,2,0.0,0.5,0.0,0.0,1.0,0.3,Medium
CareBench,22,CareBench_topic22,9,,0,1,0,0,2,0.0,0.5,0.0,0.0,1.0,0.3,Medium
CareBench,22,CareBench_topic22,10,,1,0,0,0,1,0.5,0.0,0.0,0.0,0.5,0.2,Low
CareBench,23,CareBench_topic23,1,,0,1,0,0,1,0.0,0.5,0.0,0.0,0.5,0.2,Low
CareBench,23,CareBench_topic23,2,,0,1,0,0,2,0.0,0.5,0.0,0.0,1.0,0.3,Medium
CareBench,23,CareBench_topic23,3,,0,1,0,0,2,0.0,0.5,0.0,0.0,1.0,0.3,Medium
CareBench,23,CareBench_topic23,4,,0,1,0,0,2,0.0,0.5,0.0,0.0,1.0,0.3,Medium
CareBench,23,CareBench_topic23,5,,0,1,0,0,2,0.0,0.5,0.0,0.0,1.0,0.3,Medium
CareBench,23,CareBench_topic23,6,,1,0,0,0,1,0.5,0.0,0.0,0.0,0.5,0.2,Low
CareBench,23,CareBench_topic23,7,,1,0,0,0,1,0.5,0.0,0.0,0.0,0.5,0.2,Low
CareBench,23,CareBench_topic23,8,,0,0,0,0,1,0.0,0.0,0.0,0.0,0.5,0.1,Low
CareBench,23,CareBench_topic23,9,,0,1,0,0,1,0.0,0.5,0.0,0.0,0.5,0.2,Low
CareBench,23,CareBench_topic23,10,,1,0,0,0,1,0.5,0.0,0.0,0.0,0.5,0.2,Low
CareBench,24,CareBench_topic24,1,,1,1,0,0,2,0.5,0.5,0.0,0.0,1.0,0.4,Medium
CareBench,24,CareBench_topic24,2,,1,1,0,0,2,0.5,0.5,0.0,0.0,1.0,0.4,Medium
CareBench,24,CareBench_topic24,3,,1,2,0,0,2,0.5,1.0,0.0,0.0,1.0,0.5,Medium
CareBench,24,CareBench_topic24,4,,0,2,0,0,2,0.0,1.0,0.0,0.0,1.0,0.4,Medium
CareBench,24,CareBench_topic24,5,,0,1,0,0,2,0.0,0.5,0.0,0.0,1.0,0.3,Medium
CareBench,24,CareBench_topic24,6,,0,2,0,0,2,0.0,1.0,0.0,0.0,1.0,0.4,Medium
CareBench,24,CareBench_topic24,7,,0,2,0,0,2,0.0,1.0,0.0,0.0,1.0,0.4,Medium
CareBench,24,CareBench_topic24,8,,0,0,0,0,1,0.0,0.0,0.0,0.0,0.5,0.1,Low
CareBench,24,CareBench_topic24,9,,1,0,0,0,1,0.5,0.0,0.0,0.0,0.5,0.2,Low
CareBench,24,CareBench_topic24,10,,1,0,0,0,1,0.5,0.0,0.0,0.0,0.5,0.2,Low
CareBench,25,CareBench_topic25,1,,2,1,0,0,2,1.0,0.5,0.0,0.0,1.0,0.5,Medium
CareBench,25,CareBench_topic25,2,,1,1,0,0,1,0.5,0.5,0.0,0.0,0.5,0.3,Medium
CareBench,25,CareBench_topic25,3,,1,2,0,0,2,0.5,1.0,0.0,0.0,1.0,0.5,Medium
CareBench,25,CareBench_topic25,4,,1,1,0,0,1,0.5,0.5,0.0,0.0,0.5,0.3,Medium
CareBench,25,CareBench_topic25,5,,1,2,0,0,2,0.5,1.0,0.0,0.0,1.0,0.5,Medium
CareBench,25,CareBench_topic25,6,,1,2,0,0,2,0.5,1.0,0.0,0.0,1.0,0.5,Medium
CareBench,25,CareBench_topic25,7,,1,1,0,0,2,0.5,0.5,0.0,0.0,1.0,0.4,Medium
CareBench,25,CareBench_topic25,8,,1,1,0,0,1,0.5,0.5,0.0,0.0,0.5,0.3,Medium
CareBench,25,CareBench_topic25,9,,1,1,0,0,1,0.5,0.5,0.0,0.0,0.5,0.3,Medium
CareBench,25,CareBench_topic25,10,,0,1,0,0,1,0.0,0.5,0.0,0.0,0.5,0.2,Low
CareBench,26,CareBench_topic26,1,,0,1,0,1,1,0.0,0.5,0.0,1.0,0.5,0.4,Medium
CareBench,26,CareBench_topic26,2,,1,1,0,0,1,0.5,0.5,0.0,0.0,0.5,0.3,Medium
CareBench,26,CareBench_topic26,3,,1,1,0,0,1,0.5,0.5,0.0,0.0,0.5,0.3,Medium
CareBench,26,CareBench_topic26,4,,1,1,0,0,2,0.5,0.5,0.0,0.0,1.0,0.4,Medium
CareBench,26,CareBench_topic26,5,,1,2,0,0,2,0.5,1.0,0.0,0.0,1.0,0.5,Medium
CareBench,26,CareBench_topic26,6,,1,1,0,0,2,0.5,0.5,0.0,0.0,1.0,0.4,Medium
CareBench,26,CareBench_topic26,7,,1,1,0,0,2,0.5,0.5,0.0,0.0,1.0,0.4,Medium
CareBench,26,CareBench_topic26,8,,1,1,0,0,2,0.5,0.5,0.0,0.0,1.0,0.4,Medium
CareBench,26,CareBench_topic26,9,,0,1,0,0,2,0.0,0.5,0.0,0.0,1.0,0.3,Medium
CareBench,26,CareBench_topic26,10,,1,1,0,0,0,0.5,0.5,0.0,0.0,0.0,0.2,Low
CareBench,27,CareBench_topic27,1,,2,2,0,0,2,1.0,1.0,0.0,0.0,1.0,0.6,High
CareBench,27,CareBench_topic27,2,,1,2,0,0,2,0.5,1.0,0.0,0.0,1.0,0.5,Medium
CareBench,27,CareBench_topic27,3,,0,0,0,0,1,0.0,0.0,0.0,0.0,0.5,0.1,Low
CareBench,27,CareBench_topic27,4,,0,1,0,0,1,0.0,0.5,0.0,0.0,0.5,0.2,Low
CareBench,27,CareBench_topic27,5,,0,1,0,0,1,0.0,0.5,0.0,0.0,0.5,0.2,Low
CareBench,27,CareBench_topic27,6,,0,0,0,0,0,0.0,0.0,0.0,0.0,0.0,0.0,Low
CareBench,27,CareBench_topic27,7,,1,0,0,0,0,0.5,0.0,0.0,0.0,0.0,0.1,Low
CareBench,27,CareBench_topic27,8,,1,1,0,0,1,0.5,0.5,0.0,0.0,0.5,0.3,Medium
CareBench,27,CareBench_topic27,9,,1,1,0,0,2,0.5,0.5,0.0,0.0,1.0,0.4,Medium
CareBench,27,CareBench_topic27,10,,1,1,0,0,2,0.5,0.5,0.0,0.0,1.0,0.4,Medium
CareBench,28,CareBench_topic28,1,,0,0,0,0,1,0.0,0.0,0.0,0.0,0.5,0.1,Low
CareBench,28,CareBench_topic28,2,,0,1,0,0,2,0.0,0.5,0.0,0.0,1.0,0.3,Medium
CareBench,28,CareBench_topic28,3,,1,1,0,0,2,0.5,0.5,0.0,0.0,1.0,0.4,Medium
CareBench,28,CareBench_topic28,4,,0,0,0,0,1,0.0,0.0,0.0,0.0,0.5,0.1,Low
CareBench,28,CareBench_topic28,5,,0,0,0,0,0,0.0,0.0,0.0,0.0,0.0,0.0,Low
CareBench,28,CareBench_topic28,6,,0,0,0,0,1,0.0,0.0,0.0,0.0,0.5,0.1,Low
CareBench,28,CareBench_topic28,7,,0,0,0,0,1,0.0,0.0,0.0,0.0,0.5,0.1,Low
CareBench,28,CareBench_topic28,8,,0,1,0,0,1,0.0,0.5,0.0,0.0,0.5,0.2,Low
CareBench,28,CareBench_topic28,9,,0,1,0,0,0,0.0,0.5,0.0,0.0,0.0,0.1,Low
CareBench,28,CareBench_topic28,10,,1,0,0,0,0,0.5,0.0,0.0,0.0,0.0,0.1,Low
CareBench,29,CareBench_topic29,1,,1,1,0,0,1,0.5,0.5,0.0,0.0,0.5,0.3,Medium
CareBench,29,CareBench_topic29,2,,1,1,0,0,2,0.5,0.5,0.0,0.0,1.0,0.4,Medium
CareBench,29,CareBench_topic29,3,,0,0,0,0,2,0.0,0.0,0.0,0.0,1.0,0.2,Low
CareBench,29,CareBench_topic29,4,,0,1,0,0,1,0.0,0.5,0.0,0.0,0.5,0.2,Low
CareBench,29,CareBench_topic29,5,,0,1,0,0,1,0.0,0.5,0.0,0.0,0.5,0.2,Low
CareBench,29,CareBench_topic29,6,,1,1,0,0,1,0.5,0.5,0.0,0.0,0.5,0.3,Medium
CareBench,29,CareBench_topic29,7,,1,1,0,0,2,0.5,0.5,0.0,0.0,1.0,0.4,Medium
CareBench,29,CareBench_topic29,8,,1,1,0,0,2,0.5,0.5,0.0,0.0,1.0,0.4,Medium
CareBench,29,CareBench_topic29,9,,1,1,0,0,2,0.5,0.5,0.0,0.0,1.0,0.4,Medium
CareBench,29,CareBench_topic29,10,,1,2,0,0,2,0.5,1.0,0.0,0.0,1.0,0.5,Medium
CareBench,30,CareBench_topic30,1,,1,0,0,0,0,0.5,0.0,0.0,0.0,0.0,0.1,Low
CareBench,30,CareBench_topic30,2,,1,1,0,0,2,0.5,0.5,0.0,0.0,1.0,0.4,Medium
CareBench,30,CareBench_topic30,3,,1,1,0,0,2,0.5,0.5,0.0,0.0,1.0,0.4,Medium
CareBench,30,CareBench_topic30,4,,1,2,0,0,2,0.5,1.0,0.0,0.0,1.0,0.5,Medium
CareBench,30,CareBench_topic30,5,,0,2,0,0,1,0.0,1.0,0.0,0.0,0.5,0.3,Medium
CareBench,30,CareBench_topic30,6,,1,2,0,0,1,0.5,1.0,0.0,0.0,0.5,0.4,Medium
CareBench,30,CareBench_topic30,7,,1,2,0,0,2,0.5,1.0,0.0,0.0,1.0,0.5,Medium
CareBench,30,CareBench_topic30,8,,0,2,0,0,2,0.0,1.0,0.0,0.0,1.0,0.4,Medium
CareBench,30,CareBench_topic30,9,,1,1,0,0,2,0.5,0.5,0.0,0.0,1.0,0.4,Medium
CareBench,30,CareBench_topic30,10,,1,2,0,0,2,0.5,1.0,0.0,0.0,1.0,0.5,Medium
CareBench,31,CareBench_topic31,1,,0,1,0,0,2,0.0,0.5,0.0,0.0,1.0,0.3,Medium
CareBench,31,CareBench_topic31,2,,1,1,0,0,2,0.5,0.5,0.0,0.0,1.0,0.4,Medium
CareBench,31,CareBench_topic31,3,,0,1,0,0,2,0.0,0.5,0.0,0.0,1.0,0.3,Medium
CareBench,31,CareBench_topic31,4,,0,1,0,0,2,0.0,0.5,0.0,0.0,1.0,0.3,Medium
CareBench,31,CareBench_topic31,5,,0,1,0,0,2,0.0,0.5,0.0,0.0,1.0,0.3,Medium
CareBench,31,CareBench_topic31,6,,1,1,0,0,2,0.5,0.5,0.0,0.0,1.0,0.4,Medium
CareBench,31,CareBench_topic31,7,,0,1,0,0,2,0.0,0.5,0.0,0.0,1.0,0.3,Medium
CareBench,31,CareBench_topic31,8,,0,1,0,0,2,0.0,0.5,0.0,0.0,1.0,0.3,Medium
CareBench,31,CareBench_topic31,9,,0,1,0,0,1,0.0,0.5,0.0,0.0,0.5,0.2,Low
CareBench,31,CareBench_topic31,10,,0,2,0,0,2,0.0,1.0,0.0,0.0,1.0,0.4,Medium
CareBench,32,CareBench_topic32,1,,1,2,1,1,2,0.5,1.0,1.0,1.0,1.0,0.9,High
CareBench,32,CareBench_topic32,2,,0,2,0,0,2,0.0,1.0,0.0,0.0,1.0,0.4,Medium
CareBench,32,CareBench_topic32,3,,0,2,0,0,2,0.0,1.0,0.0,0.0,1.0,0.4,Medium
CareBench,32,CareBench_topic32,4,,1,2,0,1,2,0.5,1.0,0.0,1.0,1.0,0.7,High
CareBench,32,CareBench_topic32,5,,0,1,0,0,1,0.0,0.5,0.0,0.0,0.5,0.2,Low
CareBench,32,CareBench_topic32,6,,0,1,0,0,1,0.0,0.5,0.0,0.0,0.5,0.2,Low
CareBench,32,CareBench_topic32,7,,1,2,0,1,2,0.5,1.0,0.0,1.0,1.0,0.7,High
CareBench,32,CareBench_topic32,8,,0,1,0,1,1,0.0,0.5,0.0,1.0,0.5,0.4,Medium
CareBench,32,CareBench_topic32,9,,0,0,0,0,1,0.0,0.0,0.0,0.0,0.5,0.1,Low
CareBench,32,CareBench_topic32,10,,0,1,0,0,1,0.0,0.5,0.0,0.0,0.5,0.2,Low
CareBench,33,CareBench_topic33,1,,1,2,0,1,2,0.5,1.0,0.0,1.0,1.0,0.7,High
CareBench,33,CareBench_topic33,2,,0,2,0,0,2,0.0,1.0,0.0,0.0,1.0,0.4,Medium
CareBench,33,CareBench_topic33,3,,0,2,0,0,2,0.0,1.0,0.0,0.0,1.0,0.4,Medium
CareBench,33,CareBench_topic33,4,,1,2,0,1,2,0.5,1.0,0.0,1.0,1.0,0.7,High
CareBench,33,CareBench_topic33,5,,0,2,0,0,2,0.0,1.0,0.0,0.0,1.0,0.4,Medium
CareBench,33,CareBench_topic33,6,,1,2,0,0,2,0.5,1.0,0.0,0.0,1.0,0.5,Medium
CareBench,33,CareBench_topic33,7,,1,1,0,0,2,0.5,0.5,0.0,0.0,1.0,0.4,Medium
CareBench,33,CareBench_topic33,8,,0,1,0,0,2,0.0,0.5,0.0,0.0,1.0,0.3,Medium
CareBench,33,CareBench_topic33,9,,1,2,1,0,2,0.5,1.0,1.0,0.0,1.0,0.7,High
CareBench,33,CareBench_topic33,10,,0,1,0,0,2,0.0,0.5,0.0,0.0,1.0,0.3,Medium
CareBench,34,CareBench_topic34,1,,1,1,1,0,2,0.5,0.5,1.0,0.0,1.0,0.6,High
CareBench,34,CareBench_topic34,2,,0,2,0,0,2,0.0,1.0,0.0,0.0,1.0,0.4,Medium
CareBench,34,CareBench_topic34,3,,0,1,0,0,2,0.0,0.5,0.0,0.0,1.0,0.3,Medium
CareBench,34,CareBench_topic34,4,,0,2,0,0,2,0.0,1.0,0.0,0.0,1.0,0.4,Medium
CareBench,34,CareBench_topic34,5,,0,1,0,0,1,0.0,0.5,0.0,0.0,0.5,0.2,Low
CareBench,34,CareBench_topic34,6,,0,1,0,0,2,0.0,0.5,0.0,0.0,1.0,0.3,Medium
CareBench,34,CareBench_topic34,7,,0,1,0,0,1,0.0,0.5,0.0,0.0,0.5,0.2,Low
CareBench,34,CareBench_topic34,8,,0,2,0,0,2,0.0,1.0,0.0,0.0,1.0,0.4,Medium
CareBench,34,CareBench_topic34,9,,0,1,0,0,2,0.0,0.5,0.0,0.0,1.0,0.3,Medium
CareBench,34,CareBench_topic34,10,,0,1,0,0,2,0.0,0.5,0.0,0.0,1.0,0.3,Medium
CareBench,35,CareBench_topic35,1,,0,1,0,1,2,0.0,0.5,0.0,1.0,1.0,0.5,Medium
CareBench,35,CareBench_topic35,2,,0,2,0,0,2,0.0,1.0,0.0,0.0,1.0,0.4,Medium
CareBench,35,CareBench_topic35,3,,0,2,0,0,2,0.0,1.0,0.0,0.0,1.0,0.4,Medium
CareBench,35,CareBench_topic35,4,,0,2,0,0,2,0.0,1.0,0.0,0.0,1.0,0.4,Medium
CareBench,35,CareBench_topic35,5,,0,1,0,0,2,0.0,0.5,0.0,0.0,1.0,0.3,Medium
CareBench,35,CareBench_topic35,6,,0,1,0,0,2,0.0,0.5,0.0,0.0,1.0,0.3,Medium
CareBench,35,CareBench_topic35,7,,0,1,0,0,1,0.0,0.5,0.0,0.0,0.5,0.2,Low
CareBench,35,CareBench_topic35,8,,0,1,0,0,1,0.0,0.5,0.0,0.0,0.5,0.2,Low
CareBench,35,CareBench_topic35,9,,0,1,0,0,2,0.0,0.5,0.0,0.0,1.0,0.3,Medium
CareBench,35,CareBench_topic35,10,,0,1,0,0,2,0.0,0.5,0.0,0.0,1.0,0.3,Medium
CareBench,36,CareBench_topic36,1,,0,1,0,0,2,0.0,0.5,0.0,0.0,1.0,0.3,Medium
CareBench,36,CareBench_topic36,2,,0,1,0,1,1,0.0,0.5,0.0,1.0,0.5,0.4,Medium
CareBench,36,CareBench_topic36,3,,0,1,0,1,2,0.0,0.5,0.0,1.0,1.0,0.5,Medium
CareBench,36,CareBench_topic36,4,,0,1,0,0,1,0.0,0.5,0.0,0.0,0.5,0.2,Low
CareBench,36,CareBench_topic36,5,,0,0,0,0,1,0.0,0.0,0.0,0.0,0.5,0.1,Low
CareBench,36,CareBench_topic36,6,,0,0,0,1,1,0.0,0.0,0.0,1.0,0.5,0.3,Medium
CareBench,36,CareBench_topic36,7,,0,1,0,0,1,0.0,0.5,0.0,0.0,0.5,0.2,Low
CareBench,36,CareBench_topic36,8,,0,1,0,0,1,0.0,0.5,0.0,0.0,0.5,0.2,Low
CareBench,36,CareBench_topic36,9,,0,1,0,0,2,0.0,0.5,0.0,0.0,1.0,0.3,Medium
CareBench,36,CareBench_topic36,10,,0,1,0,0,2,0.0,0.5,0.0,0.0,1.0,0.3,Medium
