dataset,reviewer,prompt_id,model,n_SEN,tok_SEN,word_SEN,n_AUR,tok_AUR,word_AUR,n_TEN,tok_TEN,word_TEN,n_DIR,tok_DIR,word_DIR,n_FIX,tok_FIX,word_FIX,n_RECT,tok_RECT,word_RECT,n_TSH,tok_TSH,word_TSH,n_QOP,tok_QOP,word_QOP,n_QCL,tok_QCL,word_QCL,n_LMT,tok_LMT,word_LMT,n_MEN,tok_MEN,word_MEN,n_VIN,tok_VIN,word_VIN,n_NIN,tok_NIN,word_NIN,n_ASIN,tok_ASIN,word_ASIN,n_SIN,tok_SIN,word_SIN,n_VAC,tok_VAC,word_VAC,n_NAC,tok_NAC,word_NAC,n_ASAC,tok_ASAC,word_ASAC,n_SAC,tok_SAC,word_SAC,n_INC,tok_INC,word_INC
CounselChat,gold_standard,1,Qwen,0,0,0,0,0,0,0,0,0,3,85,68,1,22,16,6,114,95,4,72,59,0,0,0,0,0,0,0,0,0,0,0,0,2,68,52,0,0,0,0,0,0,0,0,0,0,0,0,0,0,0,0,0,0,0,0,0,0,0,0
CounselChat,gold_standard,2,Qwen,0,0,0,0,0,0,0,0,0,4,93,67,2,43,32,9,187,143,1,2,1,0,0,0,0,0,0,0,0,0,0,0,0,2,68,53,1,18,15,0,0,0,0,0,0,0,0,0,0,0,0,0,0,0,0,0,0,0,0,0
CounselChat,R4,3,Qwen,0,0,0,3,56,53,2,72,61,7,152,129,1,28,23,8,161,113,3,107,84,0,0,0,0,0,0,1,22,21,0,0,0,1,22,21,0,0,0,0,0,0,0,0,0,0,0,0,0,0,0,0,0,0,0,0,0,0,0,0
CounselChat,R4,4,Qwen,0,0,0,3,73,64,3,100,74,5,120,103,2,70,55,1,35,27,4,118,98,0,0,0,0,0,0,0,0,0,0,0,0,2,52,45,1,21,19,1,35,27,0,0,0,1,32,27,0,0,0,0,0,0,1,31,27,0,0,0
CounselChat,R4,5,Qwen,0,0,0,2,34,27,1,21,16,4,100,81,2,56,46,8,132,99,4,93,68,0,0,0,2,22,15,0,0,0,0,0,0,1,24,20,1,40,34,0,0,0,0,0,0,0,0,0,0,0,0,1,16,12,0,0,0,1,4,2
CounselChat,R4,6,Qwen,0,0,0,2,53,47,3,104,83,8,144,106,1,39,37,0,0,0,4,121,89,0,0,0,0,0,0,0,0,0,0,0,0,1,43,38,1,54,48,0,0,0,1,39,37,0,0,0,0,0,0,0,0,0,0,0,0,0,0,0
CounselChat,R4,7,Qwen,0,0,0,2,46,39,6,200,153,3,90,67,1,28,23,0,0,0,4,132,101,0,0,0,0,0,0,0,0,0,0,0,0,0,0,0,1,25,17,0,0,0,0,0,0,0,0,0,0,0,0,0,0,0,1,17,15,1,2,1
CounselChat,R4,8,Qwen,0,0,0,2,34,30,1,32,24,6,186,154,1,21,18,1,20,17,4,90,72,0,0,0,0,0,0,0,0,0,0,0,0,2,57,47,0,0,0,0,0,0,1,23,20,0,0,0,0,0,0,0,0,0,0,0,0,0,0,0
CounselChat,R4,9,Qwen,0,0,0,2,66,59,1,19,17,9,206,164,1,19,16,0,0,0,6,152,115,0,0,0,0,0,0,0,0,0,0,0,0,3,88,80,1,32,19,0,0,0,0,0,0,0,0,0,0,0,0,0,0,0,0,0,0,1,4,2
CounselChat,R4,10,Qwen,0,0,0,2,49,46,0,0,0,3,70,64,1,59,49,3,104,78,3,118,96,0,0,0,0,0,0,0,0,0,0,0,0,5,151,127,0,0,0,0,0,0,4,71,63,0,0,0,0,0,0,0,0,0,0,0,0,0,0,0
CounselChat,R2,19,Qwen,0,0,0,0,0,0,0,0,0,0,0,0,0,0,0,0,0,0,0,0,0,0,0,0,0,0,0,2,77,66,0,0,0,1,23,21,0,0,0,0,0,0,0,0,0,0,0,0,0,0,0,0,0,0,0,0,0,0,0,0
CounselChat,R2,20,Qwen,0,0,0,0,0,0,0,0,0,0,0,0,0,0,0,3,86,72,0,0,0,0,0,0,0,0,0,0,0,0,0,0,0,1,17,14,0,0,0,0,0,0,0,0,0,0,0,0,0,0,0,0,0,0,2,39,33,0,0,0
CounselChat,R2,21,Qwen,2,65,42,0,0,0,0,0,0,0,0,0,0,0,0,2,62,42,0,0,0,0,0,0,0,0,0,0,0,0,0,0,0,0,0,0,0,0,0,0,0,0,0,0,0,2,50,44,0,0,0,0,0,0,0,0,0,0,0,0
CounselChat,R2,22,Qwen,0,0,0,0,0,0,0,0,0,0,0,0,0,0,0,5,87,55,0,0,0,0,0,0,0,0,0,2,65,50,0,0,0,0,0,0,0,0,0,0,0,0,0,0,0,0,0,0,0,0,0,0,0,0,2,49,44,0,0,0
CounselChat,R2,23,Qwen,0,0,0,0,0,0,0,0,0,0,0,0,0,0,0,0,0,0,2,44,38,0,0,0,0,0,0,0,0,0,0,0,0,1,13,12,0,0,0,0,0,0,0,0,0,2,53,45,0,0,0,0,0,0,0,0,0,0,0,0
CounselChat,R2,24,Qwen,0,0,0,1,32,25,0,0,0,0,0,0,0,0,0,0,0,0,0,0,0,0,0,0,0,0,0,2,60,47,0,0,0,0,0,0,0,0,0,0,0,0,0,0,0,2,73,62,0,0,0,0,0,0,1,35,29,0,0,0
CounselChat,R2,25,Qwen,0,0,0,3,67,52,0,0,0,0,0,0,0,0,0,0,0,0,0,0,0,0,0,0,0,0,0,2,34,25,0,0,0,2,55,44,0,0,0,0,0,0,0,0,0,1,14,12,0,0,0,0,0,0,1,19,17,0,0,0
CounselChat,R2,26,Qwen,1,23,20,2,48,39,0,0,0,0,0,0,0,0,0,3,88,62,0,0,0,0,0,0,0,0,0,0,0,0,0,0,0,0,0,0,0,0,0,0,0,0,0,0,0,1,28,26,0,0,0,0,0,0,1,28,26,0,0,0
CounselChat,R5,11,Qwen,0,0,0,0,0,0,0,0,0,1,15,13,0,0,0,0,0,0,0,0,0,0,0,0,0,0,0,0,0,0,0,0,0,0,0,0,0,0,0,0,0,0,0,0,0,0,0,0,0,0,0,0,0,0,0,0,0,0,0,0
CounselChat,R5,12,Qwen,0,0,0,0,0,0,0,0,0,1,17,15,0,0,0,0,0,0,0,0,0,0,0,0,0,0,0,0,0,0,0,0,0,0,0,0,0,0,0,0,0,0,0,0,0,0,0,0,0,0,0,0,0,0,0,0,0,0,0,0
CounselChat,R5,13,Qwen,0,0,0,0,0,0,0,0,0,1,20,18,0,0,0,0,0,0,0,0,0,0,0,0,0,0,0,0,0,0,0,0,0,0,0,0,0,0,0,0,0,0,0,0,0,0,0,0,0,0,0,0,0,0,0,0,0,0,0,0
CounselChat,R5,14,Qwen,0,0,0,0,0,0,0,0,0,1,11,10,0,0,0,0,0,0,0,0,0,0,0,0,0,0,0,0,0,0,0,0,0,0,0,0,0,0,0,0,0,0,0,0,0,0,0,0,0,0,0,0,0,0,0,0,0,0,0,0
CounselChat,R5,15,Qwen,0,0,0,0,0,0,0,0,0,1,31,27,0,0,0,0,0,0,0,0,0,0,0,0,0,0,0,0,0,0,0,0,0,0,0,0,0,0,0,0,0,0,0,0,0,0,0,0,0,0,0,0,0,0,0,0,0,0,0,0
CounselChat,R5,16,Qwen,0,0,0,0,0,0,0,0,0,1,9,8,0,0,0,0,0,0,0,0,0,0,0,0,0,0,0,0,0,0,0,0,0,0,0,0,0,0,0,0,0,0,0,0,0,0,0,0,0,0,0,0,0,0,0,0,0,0,0,0
CounselChat,R5,17,Qwen,0,0,0,0,0,0,0,0,0,1,10,9,0,0,0,0,0,0,0,0,0,0,0,0,0,0,0,0,0,0,0,0,0,0,0,0,0,0,0,0,0,0,0,0,0,0,0,0,0,0,0,0,0,0,0,0,0,0,0,0
CounselChat,R5,18,Qwen,0,0,0,0,0,0,0,0,0,1,19,16,0,0,0,0,0,0,0,0,0,0,0,0,0,0,0,0,0,0,0,0,0,0,0,0,0,0,0,0,0,0,0,0,0,0,0,0,0,0,0,0,0,0,0,0,0,0,0,0
CounselChat,R6,35,Qwen,1,47,34,0,0,0,0,0,0,0,0,0,0,0,0,0,0,0,0,0,0,0,0,0,0,0,0,0,0,0,0,0,0,0,0,0,0,0,0,0,0,0,0,0,0,0,0,0,0,0,0,0,0,0,0,0,0,0,0,0
CounselChat,R6,36,Qwen,2,29,20,1,49,37,0,0,0,0,0,0,0,0,0,0,0,0,0,0,0,0,0,0,0,0,0,0,0,0,0,0,0,0,0,0,0,0,0,0,0,0,0,0,0,1,16,15,0,0,0,0,0,0,0,0,0,0,0,0
CounselChat,R6,37,Qwen,3,67,58,0,0,0,0,0,0,0,0,0,0,0,0,0,0,0,0,0,0,0,0,0,0,0,0,0,0,0,0,0,0,0,0,0,0,0,0,0,0,0,0,0,0,0,0,0,0,0,0,0,0,0,0,0,0,0,0,0
CounselChat,R6,38,Qwen,9,167,116,0,0,0,0,0,0,0,0,0,0,0,0,0,0,0,0,0,0,0,0,0,0,0,0,0,0,0,0,0,0,0,0,0,0,0,0,0,0,0,0,0,0,0,0,0,0,0,0,0,0,0,0,0,0,0,0,0
CounselChat,R6,39,Qwen,2,64,51,0,0,0,0,0,0,0,0,0,0,0,0,0,0,0,0,0,0,0,0,0,0,0,0,0,0,0,0,0,0,0,0,0,0,0,0,0,0,0,0,0,0,0,0,0,0,0,0,0,0,0,0,0,0,0,0,0
CounselChat,R6,40,Qwen,3,90,60,0,0,0,0,0,0,0,0,0,0,0,0,0,0,0,0,0,0,0,0,0,0,0,0,0,0,0,0,0,0,0,0,0,0,0,0,0,0,0,0,0,0,0,0,0,0,0,0,0,0,0,0,0,0,0,0,0
CounselChat,R6,41,Qwen,2,72,55,0,0,0,0,0,0,0,0,0,0,0,0,0,0,0,0,0,0,0,0,0,0,0,0,0,0,0,0,0,0,0,0,0,0,0,0,0,0,0,0,0,0,0,0,0,0,0,0,0,0,0,0,0,0,0,0,0
CounselChat,R6,42,Qwen,1,42,39,1,33,25,0,0,0,0,0,0,0,0,0,0,0,0,0,0,0,0,0,0,0,0,0,0,0,0,0,0,0,0,0,0,0,0,0,0,0,0,0,0,0,0,0,0,0,0,0,0,0,0,0,0,0,0,0,0
CounselChat,R1,27,Qwen,0,0,0,1,18,15,0,0,0,0,0,0,1,21,18,2,37,26,2,26,23,0,0,0,0,0,0,0,0,0,0,0,0,0,0,0,0,0,0,0,0,0,1,25,20,0,0,0,0,0,0,0,0,0,1,14,13,0,0,0
CounselChat,R1,28,Qwen,0,0,0,0,0,0,0,0,0,0,0,0,1,39,29,0,0,0,0,0,0,0,0,0,0,0,0,0,0,0,0,0,0,0,0,0,0,0,0,0,0,0,3,60,52,0,0,0,0,0,0,0,0,0,0,0,0,0,0,0
CounselChat,R1,29,Qwen,0,0,0,0,0,0,0,0,0,0,0,0,1,23,20,0,0,0,1,26,23,0,0,0,0,0,0,0,0,0,0,0,0,0,0,0,0,0,0,0,0,0,2,73,63,0,0,0,0,0,0,0,0,0,0,0,0,0,0,0
CounselChat,R1,30,Qwen,0,0,0,1,36,29,0,0,0,0,0,0,1,53,41,0,0,0,0,0,0,0,0,0,0,0,0,0,0,0,0,0,0,0,0,0,0,0,0,0,0,0,3,82,68,0,0,0,0,0,0,0,0,0,0,0,0,0,0,0
CounselChat,R1,31,Qwen,0,0,0,1,16,12,0,0,0,0,0,0,0,0,0,0,0,0,0,0,0,0,0,0,0,0,0,2,73,55,0,0,0,0,0,0,0,0,0,0,0,0,2,60,55,0,0,0,0,0,0,0,0,0,0,0,0,1,42,29
CounselChat,R1,32,Qwen,0,0,0,1,15,11,0,0,0,0,0,0,0,0,0,0,0,0,0,0,0,0,0,0,0,0,0,0,0,0,0,0,0,0,0,0,0,0,0,0,0,0,0,0,0,0,0,0,0,0,0,0,0,0,0,0,0,0,0,0
CounselChat,R1,33,Qwen,0,0,0,0,0,0,0,0,0,0,0,0,1,38,33,0,0,0,0,0,0,0,0,0,0,0,0,1,23,15,0,0,0,0,0,0,0,0,0,0,0,0,3,68,59,0,0,0,0,0,0,0,0,0,0,0,0,0,0,0
CounselChat,R1,34,Qwen,0,0,0,0,0,0,0,0,0,0,0,0,1,31,25,1,18,11,2,57,46,0,0,0,0,0,0,0,0,0,0,0,0,0,0,0,0,0,0,0,0,0,1,21,19,0,0,0,0,0,0,0,0,0,0,0,0,0,0,0
CounselChat,R3,43,Qwen,0,0,0,0,0,0,0,0,0,11,303,245,4,103,78,0,0,0,3,78,63,0,0,0,0,0,0,4,84,64,0,0,0,6,180,153,0,0,0,0,0,0,0,0,0,2,31,28,0,0,0,0,0,0,0,0,0,0,0,0
CounselChat,R3,44,Qwen,0,0,0,0,0,0,0,0,0,10,258,209,7,187,146,0,0,0,2,49,45,0,0,0,0,0,0,1,28,24,0,0,0,0,0,0,0,0,0,4,113,94,2,42,34,3,64,57,1,25,23,0,0,0,2,53,45,0,0,0
CounselChat,R3,45,Qwen,1,54,42,0,0,0,0,0,0,8,201,168,4,96,73,0,0,0,3,99,76,0,0,0,0,0,0,2,86,72,0,0,0,3,106,88,0,0,0,0,0,0,4,113,82,1,13,12,0,0,0,0,0,0,5,147,113,0,0,0
CounselChat,R3,46,Qwen,0,0,0,0,0,0,1,23,17,12,266,211,9,245,191,5,97,72,4,79,66,0,0,0,0,0,0,2,49,33,0,0,0,9,198,152,1,30,25,0,0,0,1,12,10,0,0,0,0,0,0,0,0,0,0,0,0,0,0,0
CounselChat,R3,47,Qwen,0,0,0,0,0,0,1,25,21,10,370,279,3,160,116,2,60,49,5,193,152,0,0,0,0,0,0,4,233,172,0,0,0,4,111,91,1,26,21,0,0,0,2,150,110,1,24,21,0,0,0,0,0,0,0,0,0,1,33,29
CounselChat,R3,48,Qwen,0,0,0,0,0,0,0,0,0,12,277,217,8,186,147,0,0,0,8,210,166,0,0,0,0,0,0,1,35,25,0,0,0,4,124,101,3,69,53,0,0,0,0,0,0,1,16,12,0,0,0,0,0,0,0,0,0,0,0,0
CounselChat,R3,49,Qwen,2,61,40,0,0,0,2,65,45,6,167,128,10,254,191,5,149,104,2,49,41,0,0,0,0,0,0,4,140,108,0,0,0,0,0,0,0,0,0,0,0,0,2,63,51,2,34,31,0,0,0,0,0,0,1,33,24,0,0,0
CounselChat,R3,50,Qwen,0,0,0,0,0,0,0,0,0,7,240,205,5,159,134,2,62,49,3,78,70,0,0,0,0,0,0,5,156,131,0,0,0,8,224,193,0,0,0,0,0,0,0,0,0,0,0,0,0,0,0,0,0,0,0,0,0,0,0,0
PAIR,gold_standard,1,Qwen,0,0,0,0,0,0,0,0,0,6,86,68,2,29,24,8,186,145,4,83,69,0,0,0,0,0,0,0,0,0,0,0,0,4,83,66,0,0,0,0,0,0,0,0,0,0,0,0,0,0,0,0,0,0,0,0,0,0,0,0
PAIR,gold_standard,2,Qwen,0,0,0,0,0,0,0,0,0,4,47,37,2,49,39,9,215,152,1,55,38,0,0,0,0,0,0,0,0,0,0,0,0,2,49,40,1,56,43,0,0,0,0,0,0,0,0,0,0,0,0,0,0,0,0,0,0,0,0,0
PAIR,R4,27,Qwen,0,0,0,1,37,33,1,10,9,8,195,158,1,18,15,6,119,85,7,140,104,0,0,0,0,0,0,0,0,0,0,0,0,2,62,56,0,0,0,0,0,0,2,27,24,0,0,0,0,0,0,0,0,0,0,0,0,0,0,0
PAIR,R4,28,Qwen,0,0,0,2,46,38,4,126,98,11,225,188,0,0,0,0,0,0,5,124,94,0,0,0,0,0,0,0,0,0,0,0,0,0,0,0,2,51,41,0,0,0,0,0,0,0,0,0,0,0,0,0,0,0,0,0,0,0,0,0
PAIR,R4,29,Qwen,0,0,0,1,21,16,3,127,105,1,36,30,1,31,28,0,0,0,6,225,179,0,0,0,0,0,0,1,35,32,0,0,0,2,56,48,0,0,0,0,0,0,0,0,0,0,0,0,0,0,0,1,31,28,1,23,21,1,3,1
PAIR,R4,30,Qwen,0,0,0,3,64,54,2,56,45,1,23,18,1,31,28,3,95,80,3,78,64,1,25,17,0,0,0,0,0,0,0,0,0,2,42,35,0,0,0,0,0,0,1,22,19,0,0,0,0,0,0,0,0,0,0,0,0,0,0,0
PAIR,R4,31,Qwen,0,0,0,2,73,58,4,85,69,2,67,56,1,21,19,5,136,102,7,187,142,1,28,26,0,0,0,0,0,0,0,0,0,2,38,30,2,42,35,1,21,19,1,10,8,0,0,0,0,0,0,0,0,0,0,0,0,0,0,0
PAIR,R4,32,Qwen,0,0,0,1,45,34,1,18,13,7,167,133,2,49,40,4,105,78,7,205,156,0,0,0,0,0,0,0,0,0,0,0,0,1,23,21,0,0,0,1,31,27,0,0,0,0,0,0,0,0,0,0,0,0,0,0,0,1,4,2
PAIR,R4,33,Qwen,0,0,0,2,44,41,0,0,0,9,227,174,1,32,27,3,57,41,3,68,59,0,0,0,0,0,0,0,0,0,0,0,0,1,31,29,0,0,0,0,0,0,1,18,17,0,0,0,0,0,0,0,0,0,1,13,12,1,4,2
PAIR,R4,34,Qwen,0,0,0,4,88,68,3,87,66,5,119,95,1,34,24,0,0,0,9,262,198,0,0,0,0,0,0,0,0,0,0,0,0,2,43,36,2,55,40,0,0,0,0,0,0,0,0,0,0,0,0,0,0,0,0,0,0,0,0,0
PAIR,R2,19,Qwen,0,0,0,0,0,0,0,0,0,0,0,0,0,0,0,2,73,61,0,0,0,0,0,0,0,0,0,0,0,0,0,0,0,0,0,0,0,0,0,0,0,0,0,0,0,0,0,0,0,0,0,0,0,0,1,42,39,0,0,0
PAIR,R2,20,Qwen,0,0,0,0,0,0,0,0,0,0,0,0,0,0,0,0,0,0,0,0,0,0,0,0,0,0,0,1,41,32,0,0,0,1,44,38,0,0,0,0,0,0,0,0,0,1,10,9,0,0,0,0,0,0,0,0,0,0,0,0
PAIR,R2,21,Qwen,0,0,0,0,0,0,0,0,0,0,0,0,0,0,0,2,47,29,2,45,33,0,0,0,1,22,14,0,0,0,0,0,0,1,22,20,1,37,28,0,0,0,0,0,0,0,0,0,0,0,0,0,0,0,0,0,0,0,0,0
PAIR,R2,22,Qwen,0,0,0,0,0,0,0,0,0,0,0,0,0,0,0,2,90,67,0,0,0,0,0,0,0,0,0,1,26,19,0,0,0,1,25,22,1,38,27,0,0,0,0,0,0,1,10,9,0,0,0,0,0,0,0,0,0,0,0,0
PAIR,R2,23,Qwen,0,0,0,0,0,0,0,0,0,0,0,0,0,0,0,3,80,57,0,0,0,0,0,0,0,0,0,0,0,0,0,0,0,0,0,0,0,0,0,0,0,0,0,0,0,0,0,0,1,34,30,0,0,0,0,0,0,0,0,0
PAIR,R2,24,Qwen,0,0,0,0,0,0,0,0,0,0,0,0,0,0,0,1,38,25,0,0,0,0,0,0,1,20,19,1,26,20,0,0,0,0,0,0,0,0,0,0,0,0,0,0,0,2,47,39,0,0,0,0,0,0,0,0,0,0,0,0
PAIR,R2,25,Qwen,0,0,0,0,0,0,0,0,0,0,0,0,0,0,0,3,99,73,0,0,0,0,0,0,0,0,0,1,32,23,0,0,0,2,46,38,0,0,0,0,0,0,0,0,0,1,34,27,0,0,0,0,0,0,0,0,0,0,0,0
PAIR,R2,26,Qwen,0,0,0,0,0,0,0,0,0,0,0,0,0,0,0,1,58,49,0,0,0,0,0,0,0,0,0,0,0,0,0,0,0,0,0,0,0,0,0,0,0,0,0,0,0,1,31,27,0,0,0,0,0,0,0,0,0,0,0,0
PAIR,R5,11,Qwen,0,0,0,0,0,0,0,0,0,1,15,13,0,0,0,0,0,0,0,0,0,0,0,0,0,0,0,0,0,0,0,0,0,0,0,0,0,0,0,0,0,0,0,0,0,0,0,0,0,0,0,0,0,0,0,0,0,0,0,0
PAIR,R5,12,Qwen,0,0,0,0,0,0,0,0,0,1,14,13,0,0,0,0,0,0,0,0,0,0,0,0,0,0,0,0,0,0,0,0,0,0,0,0,0,0,0,0,0,0,0,0,0,0,0,0,0,0,0,0,0,0,0,0,0,0,0,0
PAIR,R5,13,Qwen,0,0,0,0,0,0,0,0,0,1,21,20,0,0,0,0,0,0,0,0,0,0,0,0,0,0,0,0,0,0,0,0,0,0,0,0,0,0,0,0,0,0,0,0,0,0,0,0,0,0,0,0,0,0,0,0,0,0,0,0
PAIR,R5,14,Qwen,0,0,0,0,0,0,0,0,0,1,26,23,0,0,0,0,0,0,0,0,0,0,0,0,0,0,0,0,0,0,0,0,0,0,0,0,0,0,0,0,0,0,0,0,0,0,0,0,0,0,0,0,0,0,0,0,0,0,0,0
PAIR,R5,15,Qwen,0,0,0,0,0,0,0,0,0,1,37,28,0,0,0,0,0,0,0,0,0,0,0,0,0,0,0,0,0,0,0,0,0,0,0,0,0,0,0,0,0,0,0,0,0,0,0,0,0,0,0,0,0,0,0,0,0,0,0,0
PAIR,R5,16,Qwen,0,0,0,0,0,0,0,0,0,1,25,21,0,0,0,0,0,0,0,0,0,0,0,0,0,0,0,0,0,0,0,0,0,0,0,0,0,0,0,0,0,0,0,0,0,0,0,0,0,0,0,0,0,0,0,0,0,0,0,0
PAIR,R5,17,Qwen,0,0,0,0,0,0,0,0,0,1,13,12,0,0,0,0,0,0,0,0,0,0,0,0,0,0,0,0,0,0,0,0,0,0,0,0,0,0,0,0,0,0,0,0,0,0,0,0,0,0,0,0,0,0,0,0,0,0,0,0
PAIR,R5,18,Qwen,0,0,0,0,0,0,1,17,16,0,0,0,0,0,0,0,0,0,0,0,0,0,0,0,0,0,0,0,0,0,0,0,0,0,0,0,0,0,0,0,0,0,0,0,0,0,0,0,0,0,0,0,0,0,0,0,0,0,0,0
PAIR,R6,3,Qwen,2,107,95,0,0,0,0,0,0,0,0,0,0,0,0,0,0,0,0,0,0,0,0,0,0,0,0,1,12,9,0,0,0,0,0,0,0,0,0,0,0,0,0,0,0,0,0,0,0,0,0,0,0,0,0,0,0,0,0,0
PAIR,R6,4,Qwen,0,0,0,1,41,35,0,0,0,0,0,0,0,0,0,0,0,0,0,0,0,0,0,0,0,0,0,0,0,0,0,0,0,0,0,0,0,0,0,0,0,0,0,0,0,0,0,0,0,0,0,0,0,0,0,0,0,0,0,0
PAIR,R6,5,Qwen,0,0,0,1,48,36,0,0,0,0,0,0,0,0,0,1,23,17,0,0,0,0,0,0,0,0,0,0,0,0,0,0,0,0,0,0,0,0,0,0,0,0,0,0,0,0,0,0,0,0,0,0,0,0,0,0,0,0,0,0
PAIR,R6,6,Qwen,0,0,0,3,107,76,0,0,0,0,0,0,0,0,0,0,0,0,0,0,0,0,0,0,0,0,0,0,0,0,0,0,0,0,0,0,0,0,0,0,0,0,0,0,0,1,21,19,0,0,0,0,0,0,0,0,0,0,0,0
PAIR,R6,7,Qwen,0,0,0,1,26,20,0,0,0,0,0,0,0,0,0,1,44,32,0,0,0,0,0,0,0,0,0,0,0,0,0,0,0,0,0,0,0,0,0,0,0,0,0,0,0,0,0,0,0,0,0,0,0,0,0,0,0,0,0,0
PAIR,R6,8,Qwen,0,0,0,2,40,29,0,0,0,0,0,0,0,0,0,2,67,50,0,0,0,0,0,0,0,0,0,0,0,0,0,0,0,0,0,0,0,0,0,0,0,0,0,0,0,0,0,0,1,28,23,0,0,0,0,0,0,0,0,0
PAIR,R6,9,Qwen,0,0,0,0,0,0,0,0,0,0,0,0,0,0,0,0,0,0,0,0,0,1,63,45,0,0,0,0,0,0,0,0,0,0,0,0,0,0,0,0,0,0,0,0,0,0,0,0,0,0,0,0,0,0,0,0,0,0,0,0
PAIR,R6,10,Qwen,0,0,0,0,0,0,0,0,0,0,0,0,0,0,0,1,32,25,0,0,0,0,0,0,0,0,0,0,0,0,0,0,0,0,0,0,0,0,0,0,0,0,0,0,0,0,0,0,0,0,0,0,0,0,0,0,0,0,0,0
PAIR,R1,43,Qwen,0,0,0,0,0,0,0,0,0,0,0,0,1,52,42,0,0,0,3,94,76,1,26,21,1,15,11,1,30,28,0,0,0,0,0,0,0,0,0,0,0,0,1,27,23,0,0,0,0,0,0,0,0,0,0,0,0,0,0,0
PAIR,R1,44,Qwen,0,0,0,0,0,0,0,0,0,0,0,0,0,0,0,0,0,0,0,0,0,0,0,0,0,0,0,0,0,0,0,0,0,0,0,0,0,0,0,0,0,0,1,10,7,0,0,0,0,0,0,0,0,0,0,0,0,0,0,0
PAIR,R1,45,Qwen,1,25,21,0,0,0,0,0,0,0,0,0,2,36,30,1,23,20,0,0,0,0,0,0,1,12,8,0,0,0,0,0,0,0,0,0,0,0,0,0,0,0,1,24,22,0,0,0,0,0,0,0,0,0,0,0,0,0,0,0
PAIR,R1,46,Qwen,1,32,23,0,0,0,0,0,0,0,0,0,1,34,31,0,0,0,0,0,0,0,0,0,0,0,0,0,0,0,0,0,0,0,0,0,0,0,0,0,0,0,1,20,17,0,0,0,0,0,0,0,0,0,0,0,0,0,0,0
PAIR,R1,47,Qwen,0,0,0,1,22,18,0,0,0,0,0,0,0,0,0,0,0,0,0,0,0,0,0,0,3,56,51,0,0,0,0,0,0,0,0,0,0,0,0,0,0,0,3,72,62,0,0,0,0,0,0,0,0,0,0,0,0,0,0,0
PAIR,R1,48,Qwen,1,44,37,1,13,12,0,0,0,0,0,0,0,0,0,0,0,0,0,0,0,0,0,0,0,0,0,0,0,0,0,0,0,0,0,0,0,0,0,0,0,0,2,53,47,0,0,0,0,0,0,0,0,0,0,0,0,0,0,0
PAIR,R1,49,Qwen,0,0,0,0,0,0,0,0,0,0,0,0,0,0,0,0,0,0,0,0,0,0,0,0,0,0,0,0,0,0,0,0,0,0,0,0,0,0,0,0,0,0,1,29,25,0,0,0,0,0,0,0,0,0,0,0,0,0,0,0
PAIR,R1,50,Qwen,0,0,0,0,0,0,0,0,0,0,0,0,0,0,0,0,0,0,1,58,46,0,0,0,2,43,37,0,0,0,0,0,0,0,0,0,0,0,0,0,0,0,1,14,13,0,0,0,0,0,0,0,0,0,0,0,0,0,0,0
PAIR,R3,35,Qwen,0,0,0,0,0,0,1,28,25,4,123,104,3,90,75,2,58,52,1,56,47,1,21,18,0,0,0,0,0,0,0,0,0,4,131,112,0,0,0,0,0,0,0,0,0,2,21,17,0,0,0,0,0,0,1,37,34,0,0,0
PAIR,R3,36,Qwen,0,0,0,0,0,0,4,95,75,8,177,145,11,258,196,1,18,11,4,110,81,1,18,11,2,34,30,2,36,28,0,0,0,2,37,34,1,20,18,1,20,14,0,0,0,0,0,0,0,0,0,0,0,0,0,0,0,0,0,0
PAIR,R3,37,Qwen,0,0,0,0,0,0,1,16,13,4,161,134,5,152,124,1,16,13,1,35,33,0,0,0,0,0,0,7,248,208,0,0,0,3,121,102,0,0,0,0,0,0,2,78,64,5,112,95,0,0,0,0,0,0,0,0,0,0,0,0
PAIR,R3,38,Qwen,4,129,86,0,0,0,1,18,15,5,158,120,4,80,65,1,25,20,2,60,48,0,0,0,0,0,0,2,59,51,0,0,0,3,75,65,0,0,0,0,0,0,0,0,0,1,17,16,0,0,0,0,0,0,0,0,0,0,0,0
PAIR,R3,39,Qwen,0,0,0,0,0,0,3,45,41,10,216,177,8,179,156,0,0,0,2,68,59,0,0,0,0,0,0,3,92,79,0,0,0,8,164,141,0,0,0,0,0,0,1,42,34,1,33,28,0,0,0,1,8,7,0,0,0,0,0,0
PAIR,R3,40,Qwen,0,0,0,0,0,0,1,20,15,2,58,46,6,145,113,4,72,47,1,37,30,1,16,15,0,0,0,2,59,51,0,0,0,2,63,52,1,26,22,0,0,0,0,0,0,2,43,33,1,33,29,1,16,15,1,17,12,0,0,0
PAIR,R3,41,Qwen,0,0,0,0,0,0,0,0,0,11,253,207,9,210,176,1,17,14,1,43,36,0,0,0,0,0,0,0,0,0,0,0,0,4,104,82,0,0,0,0,0,0,3,62,49,2,30,25,0,0,0,0,0,0,0,0,0,0,0,0
PAIR,R3,42,Qwen,0,0,0,0,0,0,1,26,25,2,60,44,2,42,36,0,0,0,2,66,59,0,0,0,1,13,11,1,44,30,0,0,0,3,110,89,0,0,0,0,0,0,0,0,0,0,0,0,0,0,0,1,13,11,2,28,23,0,0,0
CounselChat,gold_standard,1,Llama,0,0,0,0,0,0,1,8,6,0,0,0,1,8,6,3,48,42,1,8,6,0,0,0,0,0,0,0,0,0,0,0,0,0,0,0,0,0,0,0,0,0,0,0,0,1,17,15,0,0,0,0,0,0,1,16,14,0,0,0
CounselChat,gold_standard,2,Llama,0,0,0,0,0,0,1,40,38,3,44,37,1,17,12,7,142,118,0,0,0,0,0,0,0,0,0,0,0,0,0,0,0,0,0,0,0,0,0,0,0,0,0,0,0,1,11,8,0,0,0,0,0,0,1,21,17,0,0,0
CounselChat,R4,3,Llama,0,0,0,1,28,24,3,56,45,1,8,7,1,16,12,5,158,129,2,61,47,0,0,0,0,0,0,1,28,24,0,0,0,1,28,24,0,0,0,0,0,0,0,0,0,1,12,9,0,0,0,0,0,0,0,0,0,1,4,2
CounselChat,R4,4,Llama,0,0,0,1,18,15,5,96,80,3,63,54,2,40,34,1,23,20,3,32,25,3,45,41,2,33,28,1,18,15,0,0,0,0,0,0,1,15,12,0,0,0,0,0,0,1,18,15,1,23,19,1,17,15,2,33,26,0,0,0
CounselChat,R4,5,Llama,0,0,0,1,13,10,7,152,134,1,21,18,1,26,24,4,68,59,5,108,95,1,10,9,0,0,0,0,0,0,0,0,0,1,13,10,0,0,0,0,0,0,0,0,0,1,16,12,1,26,24,2,50,45,0,0,0,0,0,0
CounselChat,R4,6,Llama,0,0,0,1,19,12,8,156,116,0,0,0,2,27,21,6,154,113,4,87,61,0,0,0,0,0,0,0,0,0,0,0,0,1,19,12,0,0,0,1,29,22,0,0,0,0,0,0,0,0,0,0,0,0,1,13,10,0,0,0
CounselChat,R4,7,Llama,0,0,0,1,25,20,6,127,113,3,80,67,1,9,6,4,89,71,3,72,57,0,0,0,0,0,0,1,25,20,0,0,0,1,20,15,1,28,23,0,0,0,0,0,0,0,0,0,0,0,0,2,31,24,1,25,20,0,0,0
CounselChat,R4,8,Llama,0,0,0,3,84,71,3,52,46,0,0,0,1,35,29,4,93,77,4,93,76,0,0,0,0,0,0,0,0,0,0,0,0,2,51,44,2,59,50,0,0,0,0,0,0,2,40,35,1,42,37,0,0,0,0,0,0,0,0,0
CounselChat,R4,9,Llama,0,0,0,1,30,24,4,105,84,0,0,0,1,19,16,4,97,70,3,72,55,3,28,25,0,0,0,0,0,0,0,0,0,2,48,37,0,0,0,0,0,0,3,58,48,0,0,0,0,0,0,2,42,37,0,0,0,0,0,0
CounselChat,R4,10,Llama,0,0,0,2,50,42,4,76,69,1,7,6,1,12,9,5,147,116,2,38,31,0,0,0,0,0,0,1,14,11,0,0,0,2,48,40,0,0,0,0,0,0,1,18,15,1,34,29,0,0,0,1,12,9,2,36,27,0,0,0
CounselChat,R2,19,Llama,0,0,0,0,0,0,0,0,0,0,0,0,0,0,0,3,80,60,0,0,0,0,0,0,0,0,0,0,0,0,0,0,0,0,0,0,0,0,0,0,0,0,0,0,0,2,35,25,1,18,15,0,0,0,2,44,38,0,0,0
CounselChat,R2,20,Llama,0,0,0,0,0,0,0,0,0,0,0,0,0,0,0,3,66,55,0,0,0,0,0,0,0,0,0,0,0,0,0,0,0,0,0,0,0,0,0,0,0,0,0,0,0,1,23,20,1,25,19,0,0,0,1,31,25,0,0,0
CounselChat,R2,21,Llama,0,0,0,0,0,0,0,0,0,0,0,0,0,0,0,4,101,77,0,0,0,0,0,0,0,0,0,0,0,0,0,0,0,0,0,0,0,0,0,0,0,0,0,0,0,1,19,17,0,0,0,0,0,0,2,25,21,0,0,0
CounselChat,R2,22,Llama,0,0,0,0,0,0,0,0,0,0,0,0,0,0,0,3,72,63,0,0,0,0,0,0,0,0,0,0,0,0,0,0,0,0,0,0,0,0,0,0,0,0,0,0,0,2,35,28,1,26,21,0,0,0,1,25,21,0,0,0
CounselChat,R2,23,Llama,0,0,0,0,0,0,0,0,0,0,0,0,0,0,0,5,103,78,0,0,0,0,0,0,0,0,0,0,0,0,0,0,0,0,0,0,0,0,0,0,0,0,0,0,0,2,49,42,0,0,0,0,0,0,0,0,0,0,0,0
CounselChat,R2,24,Llama,0,0,0,0,0,0,0,0,0,0,0,0,0,0,0,3,71,64,0,0,0,0,0,0,0,0,0,1,32,24,0,0,0,0,0,0,0,0,0,0,0,0,0,0,0,1,20,16,3,74,56,0,0,0,2,26,20,0,0,0
CounselChat,R2,25,Llama,0,0,0,0,0,0,0,0,0,0,0,0,0,0,0,4,61,50,0,0,0,0,0,0,0,0,0,0,0,0,0,0,0,0,0,0,0,0,0,0,0,0,0,0,0,1,28,24,2,32,24,0,0,0,0,0,0,0,0,0
CounselChat,R2,26,Llama,0,0,0,0,0,0,0,0,0,0,0,0,0,0,0,3,74,55,0,0,0,0,0,0,0,0,0,0,0,0,0,0,0,0,0,0,0,0,0,0,0,0,0,0,0,1,36,28,0,0,0,0,0,0,2,38,32,0,0,0
CounselChat,R5,11,Llama,0,0,0,0,0,0,1,26,24,0,0,0,0,0,0,0,0,0,0,0,0,0,0,0,0,0,0,0,0,0,0,0,0,0,0,0,0,0,0,0,0,0,0,0,0,0,0,0,0,0,0,0,0,0,0,0,0,0,0,0
CounselChat,R5,12,Llama,0,0,0,0,0,0,0,0,0,1,24,17,0,0,0,0,0,0,0,0,0,0,0,0,0,0,0,0,0,0,0,0,0,0,0,0,0,0,0,0,0,0,0,0,0,0,0,0,0,0,0,0,0,0,0,0,0,0,0,0
CounselChat,R5,13,Llama,0,0,0,0,0,0,0,0,0,1,14,12,0,0,0,0,0,0,0,0,0,0,0,0,0,0,0,0,0,0,0,0,0,0,0,0,0,0,0,0,0,0,0,0,0,0,0,0,0,0,0,0,0,0,0,0,0,0,0,0
CounselChat,R5,14,Llama,0,0,0,0,0,0,0,0,0,1,15,12,0,0,0,0,0,0,0,0,0,0,0,0,0,0,0,0,0,0,0,0,0,0,0,0,0,0,0,0,0,0,0,0,0,0,0,0,0,0,0,0,0,0,0,0,0,0,0,0
CounselChat,R5,15,Llama,0,0,0,0,0,0,0,0,0,1,19,15,0,0,0,0,0,0,0,0,0,0,0,0,0,0,0,0,0,0,0,0,0,0,0,0,0,0,0,0,0,0,0,0,0,0,0,0,0,0,0,0,0,0,0,0,0,0,0,0
CounselChat,R5,16,Llama,0,0,0,0,0,0,0,0,0,1,11,9,0,0,0,0,0,0,0,0,0,0,0,0,0,0,0,0,0,0,0,0,0,0,0,0,0,0,0,0,0,0,0,0,0,0,0,0,0,0,0,0,0,0,0,0,0,0,0,0
CounselChat,R5,17,Llama,0,0,0,0,0,0,1,20,16,0,0,0,0,0,0,0,0,0,0,0,0,0,0,0,0,0,0,0,0,0,0,0,0,0,0,0,0,0,0,0,0,0,0,0,0,0,0,0,0,0,0,0,0,0,0,0,0,0,0,0
CounselChat,R5,18,Llama,0,0,0,0,0,0,0,0,0,1,14,11,0,0,0,0,0,0,0,0,0,0,0,0,0,0,0,0,0,0,0,0,0,0,0,0,0,0,0,0,0,0,0,0,0,0,0,0,0,0,0,0,0,0,0,0,0,0,0,0
CounselChat,R6,35,Llama,0,0,0,0,0,0,0,0,0,0,0,0,0,0,0,0,0,0,0,0,0,0,0,0,0,0,0,0,0,0,0,0,0,0,0,0,0,0,0,0,0,0,0,0,0,1,35,31,0,0,0,0,0,0,0,0,0,0,0,0
CounselChat,R6,36,Llama,0,0,0,0,0,0,0,0,0,0,0,0,0,0,0,0,0,0,0,0,0,0,0,0,0,0,0,0,0,0,0,0,0,0,0,0,0,0,0,0,0,0,0,0,0,0,0,0,1,15,13,0,0,0,0,0,0,0,0,0
CounselChat,R6,37,Llama,1,17,14,0,0,0,0,0,0,0,0,0,0,0,0,0,0,0,0,0,0,0,0,0,0,0,0,0,0,0,0,0,0,0,0,0,0,0,0,0,0,0,0,0,0,0,0,0,0,0,0,0,0,0,0,0,0,0,0,0
CounselChat,R6,38,Llama,1,35,29,0,0,0,0,0,0,0,0,0,0,0,0,0,0,0,0,0,0,0,0,0,0,0,0,0,0,0,0,0,0,0,0,0,0,0,0,0,0,0,0,0,0,0,0,0,0,0,0,0,0,0,0,0,0,0,0,0
CounselChat,R6,39,Llama,1,33,28,0,0,0,0,0,0,0,0,0,0,0,0,0,0,0,0,0,0,0,0,0,0,0,0,0,0,0,0,0,0,0,0,0,0,0,0,0,0,0,0,0,0,0,0,0,0,0,0,0,0,0,0,0,0,0,0,0
CounselChat,R6,40,Llama,2,33,26,0,0,0,0,0,0,0,0,0,0,0,0,0,0,0,0,0,0,0,0,0,0,0,0,0,0,0,0,0,0,0,0,0,0,0,0,0,0,0,0,0,0,0,0,0,0,0,0,0,0,0,0,0,0,0,0,0
CounselChat,R6,41,Llama,1,26,21,0,0,0,0,0,0,0,0,0,0,0,0,0,0,0,0,0,0,0,0,0,0,0,0,0,0,0,0,0,0,0,0,0,0,0,0,0,0,0,0,0,0,0,0,0,0,0,0,0,0,0,0,0,0,0,0,0
CounselChat,R6,42,Llama,2,43,41,0,0,0,0,0,0,0,0,0,0,0,0,0,0,0,0,0,0,0,0,0,0,0,0,0,0,0,0,0,0,0,0,0,0,0,0,0,0,0,0,0,0,0,0,0,0,0,0,0,0,0,0,0,0,0,0,0
CounselChat,R1,27,Llama,0,0,0,0,0,0,0,0,0,0,0,0,1,18,16,0,0,0,0,0,0,0,0,0,0,0,0,1,33,24,0,0,0,0,0,0,0,0,0,0,0,0,1,33,24,0,0,0,1,16,12,0,0,0,0,0,0,0,0,0
CounselChat,R1,28,Llama,0,0,0,0,0,0,0,0,0,0,0,0,1,23,20,0,0,0,0,0,0,0,0,0,0,0,0,2,37,32,0,0,0,0,0,0,0,0,0,0,0,0,2,41,36,0,0,0,0,0,0,0,0,0,2,37,32,0,0,0
CounselChat,R1,29,Llama,0,0,0,0,0,0,0,0,0,0,0,0,1,29,28,3,86,76,0,0,0,0,0,0,0,0,0,1,20,17,0,0,0,0,0,0,0,0,0,0,0,0,1,22,18,0,0,0,2,46,40,0,0,0,1,20,17,0,0,0
CounselChat,R1,30,Llama,0,0,0,1,33,28,0,0,0,0,0,0,0,0,0,2,39,34,0,0,0,0,0,0,0,0,0,0,0,0,0,0,0,0,0,0,0,0,0,0,0,0,2,56,47,0,0,0,1,24,20,0,0,0,3,56,46,0,0,0
CounselChat,R1,31,Llama,0,0,0,0,0,0,0,0,0,0,0,0,0,0,0,2,56,45,0,0,0,0,0,0,0,0,0,0,0,0,0,0,0,0,0,0,0,0,0,0,0,0,0,0,0,0,0,0,0,0,0,0,0,0,2,84,71,0,0,0
CounselChat,R1,32,Llama,0,0,0,1,7,5,0,0,0,0,0,0,0,0,0,0,0,0,0,0,0,0,0,0,0,0,0,0,0,0,0,0,0,0,0,0,0,0,0,0,0,0,1,37,28,0,0,0,0,0,0,0,0,0,2,37,33,0,0,0
CounselChat,R1,33,Llama,0,0,0,0,0,0,0,0,0,0,0,0,3,80,69,0,0,0,0,0,0,0,0,0,0,0,0,0,0,0,0,0,0,0,0,0,0,0,0,0,0,0,0,0,0,0,0,0,0,0,0,0,0,0,1,49,42,0,0,0
CounselChat,R1,34,Llama,0,0,0,0,0,0,0,0,0,0,0,0,0,0,0,5,123,98,0,0,0,0,0,0,0,0,0,0,0,0,0,0,0,0,0,0,1,15,10,0,0,0,2,45,38,0,0,0,0,0,0,0,0,0,0,0,0,0,0,0
CounselChat,R3,43,Llama,0,0,0,0,0,0,6,103,91,4,60,50,5,95,80,7,154,118,0,0,0,1,23,18,0,0,0,0,0,0,0,0,0,0,0,0,0,0,0,2,22,18,0,0,0,6,119,95,1,17,14,0,0,0,7,145,113,0,0,0
CounselChat,R3,44,Llama,0,0,0,0,0,0,6,141,128,4,109,92,4,123,100,1,29,27,3,86,69,0,0,0,0,0,0,2,48,43,0,0,0,0,0,0,0,0,0,2,45,41,2,46,43,2,54,47,1,25,22,1,15,14,5,111,101,0,0,0
CounselChat,R3,45,Llama,2,85,60,0,0,0,8,182,149,1,14,11,3,68,61,4,113,90,1,23,15,0,0,0,0,0,0,3,75,61,0,0,0,3,49,40,0,0,0,0,0,0,0,0,0,4,83,68,0,0,0,1,22,19,7,179,149,0,0,0
CounselChat,R3,46,Llama,0,0,0,0,0,0,4,83,73,3,52,41,7,136,117,5,106,92,0,0,0,0,0,0,0,0,0,2,38,34,0,0,0,1,26,24,0,0,0,0,0,0,1,25,19,5,107,87,0,0,0,0,0,0,1,23,20,0,0,0
CounselChat,R3,47,Llama,3,69,45,0,0,0,5,95,72,4,76,62,6,103,77,4,102,75,0,0,0,0,0,0,0,0,0,4,106,78,0,0,0,1,18,16,0,0,0,0,0,0,0,0,0,3,68,57,0,0,0,2,12,10,5,115,87,0,0,0
CounselChat,R3,48,Llama,0,0,0,0,0,0,1,33,30,6,125,108,3,58,51,4,98,86,2,36,28,0,0,0,0,0,0,3,47,39,0,0,0,3,65,55,1,16,15,0,0,0,0,0,0,4,60,50,2,34,26,0,0,0,2,33,28,0,0,0
CounselChat,R3,49,Llama,0,0,0,0,0,0,2,51,42,4,156,108,3,154,112,7,224,166,0,0,0,0,0,0,0,0,0,0,0,0,0,0,0,1,39,25,0,0,0,0,0,0,0,0,0,0,0,0,0,0,0,0,0,0,1,41,35,0,0,0
CounselChat,R3,50,Llama,0,0,0,0,0,0,6,147,129,5,103,87,8,180,154,5,113,103,0,0,0,0,0,0,0,0,0,3,70,60,0,0,0,1,24,19,0,0,0,0,0,0,0,0,0,2,30,25,0,0,0,0,0,0,4,92,81,0,0,0
PAIR,gold_standard,1,Llama,0,0,0,0,0,0,1,20,18,0,0,0,1,20,18,3,100,87,1,20,18,0,0,0,0,0,0,0,0,0,0,0,0,0,0,0,0,0,0,0,0,0,0,0,0,1,16,12,0,0,0,0,0,0,1,15,12,0,0,0
PAIR,gold_standard,2,Llama,0,0,0,0,0,0,1,22,16,3,59,54,1,26,20,7,166,140,0,0,0,0,0,0,0,0,0,0,0,0,0,0,0,0,0,0,0,0,0,0,0,0,0,0,0,1,26,23,0,0,0,0,0,0,1,24,20,0,0,0
PAIR,R4,27,Llama,1,15,11,2,47,40,5,97,85,1,18,17,1,12,11,4,103,77,6,137,105,0,0,0,0,0,0,0,0,0,0,0,0,2,45,38,2,23,20,0,0,0,1,20,16,0,0,0,0,0,0,0,0,0,0,0,0,0,0,0
PAIR,R4,28,Llama,0,0,0,1,22,17,2,56,46,2,52,38,1,16,13,4,102,85,5,120,96,0,0,0,0,0,0,0,0,0,0,0,0,0,0,0,1,22,17,0,0,0,0,0,0,0,0,0,0,0,0,0,0,0,0,0,0,0,0,0
PAIR,R4,29,Llama,0,0,0,1,9,7,4,72,61,3,68,45,1,32,29,1,32,29,3,95,66,0,0,0,0,0,0,0,0,0,0,0,0,1,17,14,0,0,0,0,0,0,1,9,7,0,0,0,1,46,31,0,0,0,0,0,0,0,0,0
PAIR,R4,30,Llama,0,0,0,2,40,33,2,47,42,2,45,39,1,27,24,7,137,118,4,90,80,2,27,23,0,0,0,0,0,0,0,0,0,1,16,14,1,24,19,0,0,0,0,0,0,0,0,0,1,20,16,2,38,33,0,0,0,0,0,0
PAIR,R4,31,Llama,0,0,0,2,44,35,4,93,82,0,0,0,1,30,27,1,30,27,2,56,51,0,0,0,0,0,0,0,0,0,0,0,0,3,49,42,1,21,16,0,0,0,0,0,0,0,0,0,0,0,0,0,0,0,0,0,0,0,0,0
PAIR,R4,32,Llama,0,0,0,1,33,28,9,155,135,1,24,20,2,32,27,8,144,127,5,78,64,0,0,0,0,0,0,1,33,28,0,0,0,0,0,0,0,0,0,0,0,0,0,0,0,1,33,28,0,0,0,1,17,15,0,0,0,0,0,0
PAIR,R4,33,Llama,0,0,0,3,49,41,8,201,123,7,151,118,3,42,33,9,240,152,5,93,75,0,0,0,0,0,0,0,0,0,0,0,0,2,27,20,0,0,0,0,0,0,1,15,11,0,0,0,0,0,0,0,0,0,1,8,6,0,0,0
PAIR,R4,34,Llama,0,0,0,1,17,13,1,23,22,1,14,11,1,23,22,1,23,22,2,38,36,0,0,0,0,0,0,0,0,0,0,0,0,0,0,0,1,15,14,0,0,0,2,31,24,0,0,0,0,0,0,0,0,0,0,0,0,0,0,0
PAIR,R2,19,Llama,0,0,0,0,0,0,0,0,0,0,0,0,0,0,0,1,28,26,0,0,0,0,0,0,0,0,0,0,0,0,0,0,0,0,0,0,0,0,0,0,0,0,0,0,0,0,0,0,0,0,0,0,0,0,0,0,0,0,0,0
PAIR,R2,20,Llama,0,0,0,0,0,0,0,0,0,0,0,0,0,0,0,2,57,51,0,0,0,0,0,0,0,0,0,0,0,0,0,0,0,0,0,0,0,0,0,0,0,0,0,0,0,0,0,0,0,0,0,0,0,0,0,0,0,0,0,0
PAIR,R2,21,Llama,0,0,0,0,0,0,0,0,0,0,0,0,0,0,0,3,59,53,0,0,0,0,0,0,1,21,18,0,0,0,0,0,0,0,0,0,0,0,0,0,0,0,0,0,0,1,16,13,1,15,13,0,0,0,0,0,0,0,0,0
PAIR,R2,22,Llama,0,0,0,0,0,0,0,0,0,0,0,0,0,0,0,0,0,0,0,0,0,0,0,0,1,22,21,0,0,0,0,0,0,0,0,0,0,0,0,0,0,0,0,0,0,0,0,0,1,25,19,0,0,0,0,0,0,0,0,0
PAIR,R2,23,Llama,0,0,0,0,0,0,0,0,0,0,0,0,0,0,0,6,151,120,0,0,0,0,0,0,0,0,0,0,0,0,0,0,0,0,0,0,0,0,0,0,0,0,0,0,0,1,20,19,0,0,0,0,0,0,0,0,0,0,0,0
PAIR,R2,24,Llama,0,0,0,0,0,0,0,0,0,0,0,0,0,0,0,2,25,23,0,0,0,0,0,0,0,0,0,0,0,0,0,0,0,0,0,0,0,0,0,0,0,0,0,0,0,0,0,0,1,24,21,0,0,0,0,0,0,0,0,0
PAIR,R2,25,Llama,0,0,0,0,0,0,0,0,0,0,0,0,0,0,0,3,78,66,0,0,0,0,0,0,0,0,0,0,0,0,0,0,0,0,0,0,0,0,0,0,0,0,0,0,0,1,24,21,0,0,0,0,0,0,0,0,0,0,0,0
PAIR,R2,26,Llama,0,0,0,0,0,0,0,0,0,0,0,0,0,0,0,2,47,42,0,0,0,0,0,0,0,0,0,0,0,0,0,0,0,0,0,0,0,0,0,0,0,0,0,0,0,1,32,29,0,0,0,0,0,0,0,0,0,0,0,0
PAIR,R5,11,Llama,0,0,0,0,0,0,0,0,0,1,16,13,0,0,0,0,0,0,0,0,0,0,0,0,0,0,0,0,0,0,0,0,0,0,0,0,0,0,0,0,0,0,0,0,0,0,0,0,0,0,0,0,0,0,0,0,0,0,0,0
PAIR,R5,12,Llama,0,0,0,0,0,0,0,0,0,1,5,4,0,0,0,0,0,0,0,0,0,0,0,0,0,0,0,0,0,0,0,0,0,0,0,0,0,0,0,0,0,0,0,0,0,0,0,0,0,0,0,0,0,0,0,0,0,0,0,0
PAIR,R5,13,Llama,0,0,0,0,0,0,0,0,0,1,17,15,0,0,0,0,0,0,0,0,0,0,0,0,0,0,0,0,0,0,0,0,0,0,0,0,0,0,0,0,0,0,0,0,0,0,0,0,0,0,0,0,0,0,0,0,0,0,0,0
PAIR,R5,14,Llama,0,0,0,0,0,0,0,0,0,1,20,17,0,0,0,0,0,0,0,0,0,0,0,0,0,0,0,0,0,0,0,0,0,0,0,0,0,0,0,0,0,0,0,0,0,0,0,0,0,0,0,0,0,0,0,0,0,0,0,0
PAIR,R5,15,Llama,0,0,0,0,0,0,0,0,0,1,15,13,0,0,0,0,0,0,0,0,0,0,0,0,0,0,0,0,0,0,0,0,0,0,0,0,0,0,0,0,0,0,0,0,0,0,0,0,0,0,0,0,0,0,0,0,0,0,0,0
PAIR,R5,16,Llama,0,0,0,0,0,0,0,0,0,1,11,10,0,0,0,0,0,0,0,0,0,0,0,0,0,0,0,0,0,0,0,0,0,0,0,0,0,0,0,0,0,0,0,0,0,0,0,0,0,0,0,0,0,0,0,0,0,0,0,0
PAIR,R5,17,Llama,0,0,0,0,0,0,1,17,15,0,0,0,0,0,0,0,0,0,0,0,0,0,0,0,0,0,0,0,0,0,0,0,0,0,0,0,0,0,0,0,0,0,0,0,0,0,0,0,0,0,0,0,0,0,0,0,0,0,0,0
PAIR,R5,18,Llama,0,0,0,0,0,0,1,19,17,0,0,0,0,0,0,0,0,0,0,0,0,0,0,0,0,0,0,0,0,0,0,0,0,0,0,0,0,0,0,0,0,0,0,0,0,0,0,0,0,0,0,0,0,0,0,0,0,0,0,0
PAIR,R6,3,Llama,1,20,17,0,0,0,0,0,0,0,0,0,0,0,0,1,17,15,0,0,0,0,0,0,0,0,0,0,0,0,0,0,0,0,0,0,0,0,0,0,0,0,0,0,0,0,0,0,0,0,0,0,0,0,0,0,0,0,0,0
PAIR,R6,4,Llama,1,17,16,1,22,20,0,0,0,0,0,0,0,0,0,0,0,0,0,0,0,0,0,0,0,0,0,0,0,0,0,0,0,0,0,0,0,0,0,0,0,0,0,0,0,0,0,0,0,0,0,0,0,0,0,0,0,0,0,0
PAIR,R6,5,Llama,0,0,0,0,0,0,0,0,0,0,0,0,0,0,0,0,0,0,0,0,0,0,0,0,0,0,0,0,0,0,0,0,0,0,0,0,0,0,0,0,0,0,0,0,0,0,0,0,1,20,15,0,0,0,0,0,0,0,0,0
PAIR,R6,6,Llama,1,35,32,0,0,0,0,0,0,0,0,0,0,0,0,1,24,23,1,30,26,0,0,0,0,0,0,0,0,0,0,0,0,0,0,0,0,0,0,0,0,0,0,0,0,1,15,14,0,0,0,0,0,0,0,0,0,0,0,0
PAIR,R6,7,Llama,0,0,0,0,0,0,0,0,0,0,0,0,0,0,0,1,38,33,0,0,0,2,29,24,0,0,0,0,0,0,0,0,0,0,0,0,0,0,0,0,0,0,0,0,0,0,0,0,1,30,24,0,0,0,0,0,0,0,0,0
PAIR,R6,8,Llama,0,0,0,0,0,0,0,0,0,0,0,0,0,0,0,1,17,14,0,0,0,0,0,0,0,0,0,0,0,0,0,0,0,0,0,0,0,0,0,0,0,0,0,0,0,0,0,0,1,24,22,0,0,0,0,0,0,0,0,0
PAIR,R6,9,Llama,0,0,0,0,0,0,0,0,0,0,0,0,0,0,0,0,0,0,0,0,0,0,0,0,0,0,0,0,0,0,0,0,0,0,0,0,0,0,0,0,0,0,0,0,0,1,25,20,0,0,0,0,0,0,0,0,0,0,0,0
PAIR,R6,10,Llama,0,0,0,0,0,0,0,0,0,0,0,0,0,0,0,1,33,31,0,0,0,0,0,0,0,0,0,0,0,0,0,0,0,0,0,0,0,0,0,0,0,0,0,0,0,0,0,0,0,0,0,0,0,0,0,0,0,0,0,0
PAIR,R1,43,Llama,0,0,0,0,0,0,0,0,0,0,0,0,0,0,0,0,0,0,0,0,0,0,0,0,0,0,0,0,0,0,0,0,0,0,0,0,0,0,0,0,0,0,1,28,24,0,0,0,0,0,0,0,0,0,1,15,14,0,0,0
PAIR,R1,44,Llama,0,0,0,0,0,0,0,0,0,0,0,0,0,0,0,0,0,0,0,0,0,0,0,0,0,0,0,0,0,0,0,0,0,0,0,0,0,0,0,0,0,0,1,13,11,0,0,0,0,0,0,0,0,0,0,0,0,0,0,0
PAIR,R1,45,Llama,0,0,0,0,0,0,0,0,0,0,0,0,0,0,0,0,0,0,0,0,0,0,0,0,0,0,0,0,0,0,0,0,0,0,0,0,0,0,0,0,0,0,0,0,0,0,0,0,0,0,0,0,0,0,1,19,16,0,0,0
PAIR,R1,46,Llama,0,0,0,0,0,0,0,0,0,0,0,0,1,28,26,0,0,0,0,0,0,0,0,0,0,0,0,0,0,0,0,0,0,0,0,0,0,0,0,0,0,0,0,0,0,0,0,0,0,0,0,0,0,0,0,0,0,0,0,0
PAIR,R1,47,Llama,0,0,0,0,0,0,0,0,0,0,0,0,0,0,0,1,13,12,0,0,0,0,0,0,0,0,0,1,15,13,0,0,0,0,0,0,0,0,0,0,0,0,1,15,12,0,0,0,0,0,0,0,0,0,0,0,0,0,0,0
PAIR,R1,48,Llama,0,0,0,0,0,0,0,0,0,0,0,0,0,0,0,0,0,0,0,0,0,0,0,0,0,0,0,0,0,0,0,0,0,0,0,0,0,0,0,0,0,0,2,42,38,0,0,0,0,0,0,0,0,0,0,0,0,0,0,0
PAIR,R1,49,Llama,0,0,0,0,0,0,0,0,0,0,0,0,0,0,0,1,48,39,0,0,0,0,0,0,0,0,0,0,0,0,0,0,0,0,0,0,0,0,0,0,0,0,1,31,28,0,0,0,0,0,0,0,0,0,0,0,0,0,0,0
PAIR,R1,50,Llama,0,0,0,0,0,0,0,0,0,0,0,0,0,0,0,0,0,0,1,23,21,0,0,0,0,0,0,0,0,0,0,0,0,0,0,0,0,0,0,0,0,0,0,0,0,0,0,0,2,29,24,0,0,0,0,0,0,0,0,0
PAIR,R3,35,Llama,0,0,0,0,0,0,0,0,0,3,67,56,5,107,92,2,56,51,2,67,60,0,0,0,0,0,0,0,0,0,0,0,0,1,25,21,0,0,0,0,0,0,0,0,0,2,26,23,1,11,9,0,0,0,1,24,21,0,0,0
PAIR,R3,36,Llama,0,0,0,0,0,0,3,66,60,1,17,13,3,60,52,2,47,42,1,23,21,0,0,0,0,0,0,0,0,0,0,0,0,0,0,0,0,0,0,0,0,0,0,0,0,2,44,40,0,0,0,0,0,0,2,47,42,0,0,0
PAIR,R3,37,Llama,0,0,0,0,0,0,2,43,38,1,25,21,0,0,0,3,68,57,0,0,0,0,0,0,0,0,0,1,19,16,0,0,0,0,0,0,0,0,0,0,0,0,0,0,0,2,32,27,0,0,0,1,29,26,2,39,33,0,0,0
PAIR,R3,38,Llama,0,0,0,0,0,0,1,17,16,5,106,98,5,114,105,4,86,76,1,21,20,0,0,0,0,0,0,0,0,0,0,0,0,2,36,32,0,0,0,0,0,0,0,0,0,1,15,14,0,0,0,0,0,0,0,0,0,1,4,1
PAIR,R3,39,Llama,0,0,0,0,0,0,4,104,90,2,61,52,3,83,72,2,75,65,0,0,0,0,0,0,0,0,0,2,50,43,0,0,0,0,0,0,0,0,0,0,0,0,0,0,0,8,161,135,1,9,7,2,29,22,1,18,15,0,0,0
PAIR,R3,40,Llama,0,0,0,0,0,0,2,65,57,1,17,15,3,76,68,4,95,77,0,0,0,0,0,0,0,0,0,1,17,15,0,0,0,0,0,0,0,0,0,0,0,0,2,27,22,1,16,14,2,42,37,1,25,22,1,40,35,0,0,0
PAIR,R3,41,Llama,0,0,0,0,0,0,5,98,81,2,34,26,2,33,29,5,109,82,0,0,0,0,0,0,0,0,0,0,0,0,0,0,0,0,0,0,0,0,0,1,18,16,0,0,0,0,0,0,0,0,0,0,0,0,0,0,0,0,0,0
PAIR,R3,42,Llama,0,0,0,0,0,0,1,20,19,1,34,31,2,42,36,0,0,0,2,57,51,0,0,0,1,22,17,1,23,20,0,0,0,2,57,51,0,0,0,0,0,0,0,0,0,1,14,12,0,0,0,0,0,0,0,0,0,0,0,0
CounselChat,gold_standard,1,GPT,0,0,0,1,21,17,0,0,0,8,155,131,1,13,11,6,117,88,0,0,0,0,0,0,0,0,0,0,0,0,0,0,0,0,0,0,0,0,0,0,0,0,0,0,0,0,0,0,0,0,0,0,0,0,0,0,0,0,0,0
CounselChat,gold_standard,2,GPT,0,0,0,0,0,0,0,0,0,11,142,121,1,2,1,7,118,98,0,0,0,0,0,0,0,0,0,0,0,0,0,0,0,0,0,0,0,0,0,0,0,0,0,0,0,0,0,0,0,0,0,0,0,0,0,0,0,0,0,0
CounselChat,R4,3,GPT,0,0,0,3,69,53,3,57,44,5,101,68,1,20,14,13,186,138,3,71,57,0,0,0,0,0,0,0,0,0,0,0,0,0,0,0,0,0,0,0,0,0,0,0,0,0,0,0,0,0,0,3,56,39,0,0,0,0,0,0
CounselChat,R4,4,GPT,0,0,0,1,25,18,6,155,128,3,71,59,1,34,31,3,93,84,3,98,86,1,26,21,0,0,0,0,0,0,0,0,0,1,17,15,0,0,0,1,33,29,0,0,0,0,0,0,0,0,0,3,70,61,0,0,0,0,0,0
CounselChat,R4,5,GPT,0,0,0,2,47,37,2,27,22,4,72,58,2,116,91,7,188,149,4,157,125,0,0,0,0,0,0,0,0,0,0,0,0,2,37,29,0,0,0,0,0,0,0,0,0,0,0,0,0,0,0,0,0,0,0,0,0,0,0,0
CounselChat,R4,6,GPT,0,0,0,1,38,28,2,59,47,10,221,170,1,28,19,2,27,24,5,153,113,0,0,0,0,0,0,0,0,0,0,0,0,0,0,0,1,38,28,0,0,0,0,0,0,0,0,0,0,0,0,0,0,0,0,0,0,0,0,0
CounselChat,R4,7,GPT,0,0,0,1,26,19,4,84,68,2,48,35,1,14,13,4,58,53,1,19,15,0,0,0,0,0,0,0,0,0,0,0,0,0,0,0,1,25,18,0,0,0,0,0,0,0,0,0,0,0,0,1,47,38,0,0,0,0,0,0
CounselChat,R4,8,GPT,0,0,0,3,67,56,0,0,0,4,158,128,1,39,34,2,66,57,2,56,47,0,0,0,0,0,0,0,0,0,0,0,0,2,35,29,1,29,24,0,0,0,0,0,0,1,26,22,0,0,0,0,0,0,0,0,0,0,0,0
CounselChat,R4,9,GPT,0,0,0,1,10,9,1,21,19,10,197,157,1,24,18,4,74,60,7,147,123,0,0,0,0,0,0,0,0,0,0,0,0,2,42,34,1,22,17,0,0,0,2,35,30,0,0,0,0,0,0,0,0,0,0,0,0,0,0,0
CounselChat,R4,10,GPT,0,0,0,1,16,10,1,36,28,6,80,63,1,28,19,3,87,66,4,87,72,0,0,0,0,0,0,0,0,0,0,0,0,4,56,45,0,0,0,0,0,0,2,29,24,0,0,0,0,0,0,0,0,0,2,51,43,0,0,0
CounselChat,R2,19,GPT,0,0,0,1,33,28,0,0,0,0,0,0,0,0,0,0,0,0,0,0,0,0,0,0,1,22,19,2,54,43,0,0,0,1,16,15,0,0,0,0,0,0,0,0,0,2,37,33,0,0,0,0,0,0,0,0,0,0,0,0
CounselChat,R2,20,GPT,0,0,0,1,13,10,0,0,0,0,0,0,0,0,0,6,108,82,1,31,22,0,0,0,0,0,0,1,18,15,0,0,0,2,49,39,0,0,0,0,0,0,0,0,0,0,0,0,1,18,15,0,0,0,0,0,0,0,0,0
CounselChat,R2,21,GPT,0,0,0,1,24,20,0,0,0,0,0,0,0,0,0,4,94,75,0,0,0,0,0,0,2,29,23,1,28,19,0,0,0,2,53,42,0,0,0,0,0,0,0,0,0,0,0,0,0,0,0,0,0,0,1,32,27,0,0,0
CounselChat,R2,22,GPT,0,0,0,0,0,0,0,0,0,0,0,0,0,0,0,2,46,33,0,0,0,0,0,0,1,33,23,0,0,0,0,0,0,0,0,0,0,0,0,0,0,0,0,0,0,2,38,31,0,0,0,0,0,0,0,0,0,0,0,0
CounselChat,R2,23,GPT,0,0,0,0,0,0,0,0,0,0,0,0,0,0,0,1,10,8,0,0,0,1,25,18,0,0,0,0,0,0,0,0,0,1,27,20,0,0,0,0,0,0,0,0,0,1,21,15,0,0,0,0,0,0,0,0,0,0,0,0
CounselChat,R2,24,GPT,0,0,0,2,32,25,0,0,0,0,0,0,0,0,0,2,53,42,0,0,0,0,0,0,0,0,0,2,36,26,0,0,0,0,0,0,0,0,0,0,0,0,0,0,0,1,18,16,0,0,0,0,0,0,1,16,14,0,0,0
CounselChat,R2,25,GPT,0,0,0,2,52,42,0,0,0,0,0,0,0,0,0,3,58,46,0,0,0,0,0,0,0,0,0,0,0,0,0,0,0,0,0,0,0,0,0,0,0,0,0,0,0,1,20,15,0,0,0,0,0,0,1,16,13,0,0,0
CounselChat,R2,26,GPT,0,0,0,0,0,0,0,0,0,0,0,0,0,0,0,1,17,11,0,0,0,0,0,0,2,52,41,0,0,0,0,0,0,0,0,0,0,0,0,0,0,0,0,0,0,1,30,24,1,24,20,0,0,0,1,9,6,0,0,0
CounselChat,R5,11,GPT,0,0,0,0,0,0,0,0,0,1,18,16,0,0,0,0,0,0,0,0,0,0,0,0,0,0,0,0,0,0,0,0,0,0,0,0,0,0,0,0,0,0,0,0,0,0,0,0,0,0,0,0,0,0,0,0,0,0,0,0
CounselChat,R5,12,GPT,0,0,0,0,0,0,0,0,0,1,29,19,0,0,0,0,0,0,0,0,0,0,0,0,0,0,0,0,0,0,0,0,0,0,0,0,0,0,0,0,0,0,0,0,0,0,0,0,0,0,0,0,0,0,0,0,0,0,0,0
CounselChat,R5,13,GPT,0,0,0,0,0,0,0,0,0,1,9,7,0,0,0,0,0,0,0,0,0,0,0,0,0,0,0,0,0,0,0,0,0,0,0,0,0,0,0,0,0,0,0,0,0,0,0,0,0,0,0,0,0,0,0,0,0,0,0,0
CounselChat,R5,14,GPT,0,0,0,0,0,0,0,0,0,1,33,27,0,0,0,0,0,0,0,0,0,0,0,0,0,0,0,0,0,0,0,0,0,0,0,0,0,0,0,0,0,0,0,0,0,0,0,0,0,0,0,0,0,0,0,0,0,0,0,0
CounselChat,R5,15,GPT,0,0,0,0,0,0,0,0,0,1,12,10,0,0,0,0,0,0,0,0,0,0,0,0,0,0,0,0,0,0,0,0,0,0,0,0,0,0,0,0,0,0,0,0,0,0,0,0,0,0,0,0,0,0,0,0,0,0,0,0
CounselChat,R5,16,GPT,0,0,0,0,0,0,0,0,0,1,20,16,0,0,0,0,0,0,0,0,0,0,0,0,0,0,0,0,0,0,0,0,0,0,0,0,0,0,0,0,0,0,0,0,0,0,0,0,0,0,0,0,0,0,0,0,0,0,0,0
CounselChat,R5,17,GPT,0,0,0,0,0,0,0,0,0,1,13,10,0,0,0,0,0,0,0,0,0,0,0,0,0,0,0,0,0,0,0,0,0,0,0,0,0,0,0,0,0,0,0,0,0,0,0,0,0,0,0,0,0,0,0,0,0,0,0,0
CounselChat,R5,18,GPT,0,0,0,0,0,0,0,0,0,1,16,13,0,0,0,0,0,0,0,0,0,0,0,0,0,0,0,0,0,0,0,0,0,0,0,0,0,0,0,0,0,0,0,0,0,0,0,0,0,0,0,0,0,0,0,0,0,0,0,0
CounselChat,R6,35,GPT,0,0,0,0,0,0,0,0,0,0,0,0,0,0,0,0,0,0,0,0,0,0,0,0,0,0,0,0,0,0,0,0,0,0,0,0,0,0,0,0,0,0,0,0,0,0,0,0,1,37,29,0,0,0,0,0,0,0,0,0
CounselChat,R6,36,GPT,1,31,25,1,27,21,0,0,0,0,0,0,0,0,0,0,0,0,0,0,0,0,0,0,0,0,0,0,0,0,0,0,0,0,0,0,0,0,0,0,0,0,0,0,0,0,0,0,0,0,0,0,0,0,0,0,0,0,0,0
CounselChat,R6,37,GPT,1,41,29,1,33,25,0,0,0,0,0,0,0,0,0,0,0,0,0,0,0,0,0,0,0,0,0,0,0,0,0,0,0,0,0,0,0,0,0,0,0,0,0,0,0,0,0,0,1,37,32,0,0,0,0,0,0,0,0,0
CounselChat,R6,38,GPT,2,48,39,0,0,0,0,0,0,0,0,0,0,0,0,0,0,0,0,0,0,0,0,0,0,0,0,0,0,0,0,0,0,0,0,0,0,0,0,0,0,0,0,0,0,0,0,0,0,0,0,0,0,0,0,0,0,0,0,0
CounselChat,R6,39,GPT,2,33,23,0,0,0,0,0,0,0,0,0,0,0,0,0,0,0,0,0,0,0,0,0,0,0,0,0,0,0,0,0,0,0,0,0,0,0,0,0,0,0,0,0,0,0,0,0,0,0,0,0,0,0,0,0,0,0,0,0
CounselChat,R6,40,GPT,3,52,38,0,0,0,0,0,0,0,0,0,0,0,0,0,0,0,0,0,0,2,25,17,0,0,0,0,0,0,0,0,0,0,0,0,0,0,0,0,0,0,0,0,0,0,0,0,0,0,0,0,0,0,0,0,0,0,0,0
CounselChat,R6,41,GPT,1,25,20,1,35,26,0,0,0,0,0,0,0,0,0,0,0,0,0,0,0,0,0,0,0,0,0,0,0,0,0,0,0,0,0,0,0,0,0,0,0,0,0,0,0,0,0,0,0,0,0,0,0,0,0,0,0,0,0,0
CounselChat,R6,42,GPT,0,0,0,1,23,18,0,0,0,0,0,0,0,0,0,0,0,0,0,0,0,0,0,0,0,0,0,0,0,0,0,0,0,0,0,0,0,0,0,0,0,0,0,0,0,0,0,0,0,0,0,0,0,0,0,0,0,0,0,0
CounselChat,R1,27,GPT,0,0,0,1,25,21,0,0,0,0,0,0,0,0,0,0,0,0,0,0,0,0,0,0,0,0,0,0,0,0,0,0,0,0,0,0,0,0,0,0,0,0,1,23,19,0,0,0,0,0,0,0,0,0,2,27,24,0,0,0
CounselChat,R1,28,GPT,0,0,0,0,0,0,0,0,0,0,0,0,1,11,8,0,0,0,0,0,0,0,0,0,0,0,0,0,0,0,0,0,0,0,0,0,0,0,0,0,0,0,1,27,20,0,0,0,0,0,0,0,0,0,1,5,4,0,0,0
CounselChat,R1,29,GPT,0,0,0,0,0,0,0,0,0,0,0,0,0,0,0,4,97,76,0,0,0,0,0,0,0,0,0,0,0,0,0,0,0,0,0,0,0,0,0,0,0,0,1,53,43,0,0,0,0,0,0,0,0,0,1,11,9,0,0,0
CounselChat,R1,30,GPT,0,0,0,1,23,18,0,0,0,0,0,0,1,27,23,0,0,0,0,0,0,0,0,0,0,0,0,0,0,0,0,0,0,0,0,0,1,8,7,0,0,0,2,33,24,0,0,0,0,0,0,0,0,0,0,0,0,0,0,0
CounselChat,R1,31,GPT,0,0,0,1,26,17,0,0,0,0,0,0,1,9,8,0,0,0,2,48,39,0,0,0,0,0,0,1,27,22,0,0,0,0,0,0,0,0,0,0,0,0,1,27,22,0,0,0,0,0,0,0,0,0,0,0,0,0,0,0
CounselChat,R1,32,GPT,0,0,0,1,8,5,0,0,0,0,0,0,1,17,14,2,34,29,1,52,37,0,0,0,0,0,0,0,0,0,0,0,0,0,0,0,0,0,0,0,0,0,2,67,48,0,0,0,0,0,0,0,0,0,0,0,0,0,0,0
CounselChat,R1,33,GPT,0,0,0,1,19,16,0,0,0,0,0,0,1,43,35,1,47,40,0,0,0,0,0,0,0,0,0,1,21,17,0,0,0,0,0,0,1,8,7,0,0,0,0,0,0,0,0,0,0,0,0,0,0,0,1,21,17,0,0,0
CounselChat,R1,34,GPT,0,0,0,0,0,0,0,0,0,0,0,0,0,0,0,3,85,62,0,0,0,0,0,0,0,0,0,0,0,0,0,0,0,0,0,0,0,0,0,0,0,0,2,39,33,0,0,0,0,0,0,0,0,0,0,0,0,0,0,0
CounselChat,R3,43,GPT,1,14,11,0,0,0,0,0,0,16,335,259,6,97,76,1,12,10,3,90,70,0,0,0,0,0,0,2,25,18,0,0,0,3,108,87,1,21,17,0,0,0,3,87,66,1,15,11,0,0,0,0,0,0,1,12,10,0,0,0
CounselChat,R3,44,GPT,0,0,0,1,61,46,0,0,0,10,228,184,8,145,111,0,0,0,4,111,86,0,0,0,0,0,0,3,110,85,0,0,0,3,72,59,0,0,0,1,10,8,4,61,44,0,0,0,0,0,0,0,0,0,0,0,0,0,0,0
CounselChat,R3,45,GPT,2,38,26,0,0,0,3,66,56,8,122,96,7,74,60,6,77,69,3,62,53,0,0,0,0,0,0,1,27,20,0,0,0,4,78,57,0,0,0,2,34,29,2,24,21,2,39,29,1,7,6,1,32,27,4,58,41,0,0,0
CounselChat,R3,46,GPT,0,0,0,0,0,0,0,0,0,20,396,308,8,153,116,2,41,33,1,30,22,0,0,0,0,0,0,4,83,62,0,0,0,10,217,161,0,0,0,0,0,0,2,45,34,1,20,14,0,0,0,0,0,0,0,0,0,0,0,0
CounselChat,R3,47,GPT,1,38,30,0,0,0,3,97,80,5,89,75,3,57,51,5,112,90,1,34,25,1,36,30,0,0,0,5,149,119,0,0,0,2,58,45,0,0,0,0,0,0,0,0,0,2,31,24,1,12,10,1,36,30,2,44,32,0,0,0
CounselChat,R3,48,GPT,0,0,0,0,0,0,0,0,0,10,187,138,7,144,105,3,55,43,2,57,41,0,0,0,0,0,0,3,42,34,0,0,0,3,84,62,2,21,17,0,0,0,0,0,0,3,28,21,0,0,0,2,39,27,1,19,16,0,0,0
CounselChat,R3,49,GPT,0,0,0,0,0,0,1,95,74,4,63,49,6,136,111,5,178,147,2,54,43,0,0,0,1,13,7,3,170,138,0,0,0,3,47,38,2,75,64,0,0,0,0,0,0,0,0,0,0,0,0,0,0,0,1,19,17,0,0,0
CounselChat,R3,50,GPT,0,0,0,0,0,0,0,0,0,12,278,226,9,196,162,3,118,94,1,14,12,0,0,0,0,0,0,1,42,36,0,0,0,4,92,75,0,0,0,0,0,0,4,82,68,0,0,0,0,0,0,0,0,0,0,0,0,0,0,0
PAIR,gold_standard,1,GPT,0,0,0,1,39,30,0,0,0,12,198,149,2,40,33,6,125,89,0,0,0,0,0,0,0,0,0,0,0,0,0,0,0,0,0,0,0,0,0,0,0,0,0,0,0,0,0,0,0,0,0,0,0,0,0,0,0,0,0,0
PAIR,gold_standard,2,GPT,0,0,0,0,0,0,0,0,0,11,207,161,1,9,5,7,160,119,0,0,0,0,0,0,0,0,0,0,0,0,0,0,0,0,0,0,0,0,0,0,0,0,0,0,0,0,0,0,0,0,0,0,0,0,0,0,0,0,0,0
PAIR,R4,27,GPT,1,15,12,1,24,17,2,39,34,8,109,84,1,10,9,6,120,86,9,160,128,0,0,0,0,0,0,0,0,0,0,0,0,2,41,30,1,24,17,1,19,16,0,0,0,0,0,0,0,0,0,0,0,0,0,0,0,0,0,0
PAIR,R4,28,GPT,0,0,0,1,7,6,1,33,26,7,146,113,1,26,24,0,0,0,5,144,120,0,0,0,0,0,0,0,0,0,0,0,0,0,0,0,2,36,32,1,26,24,0,0,0,0,0,0,0,0,0,0,0,0,0,0,0,0,0,0
PAIR,R4,29,GPT,0,0,0,2,36,26,6,177,143,1,23,20,1,35,26,3,76,56,8,241,189,0,0,0,0,0,0,0,0,0,0,0,0,1,26,19,0,0,0,1,22,18,1,10,7,0,0,0,0,0,0,0,0,0,0,0,0,0,0,0
PAIR,R4,30,GPT,1,37,28,1,26,21,5,135,106,3,73,56,3,62,54,7,190,154,5,135,110,0,0,0,0,0,0,0,0,0,0,0,0,1,37,28,0,0,0,1,29,24,1,15,14,1,26,21,0,0,0,0,0,0,0,0,0,0,0,0
PAIR,R4,31,GPT,0,0,0,2,47,41,6,159,126,4,91,71,1,15,12,6,162,123,7,181,139,0,0,0,0,0,0,0,0,0,0,0,0,1,22,19,1,25,22,0,0,0,0,0,0,0,0,0,0,0,0,1,15,12,0,0,0,0,0,0
PAIR,R4,32,GPT,0,0,0,1,18,14,3,66,53,5,101,84,2,49,44,6,162,131,8,178,142,0,0,0,0,0,0,0,0,0,0,0,0,1,18,14,0,0,0,0,0,0,0,0,0,1,17,14,0,0,0,0,0,0,0,0,0,0,0,0
PAIR,R4,33,GPT,0,0,0,2,26,18,2,27,21,12,243,176,1,21,17,12,223,160,10,172,131,0,0,0,0,0,0,0,0,0,0,0,0,1,19,14,0,0,0,0,0,0,2,28,21,0,0,0,0,0,0,0,0,0,1,8,6,0,0,0
PAIR,R4,34,GPT,0,0,0,4,96,79,4,96,79,7,104,78,3,59,48,4,51,41,7,174,136,0,0,0,0,0,0,1,9,5,0,0,0,1,4,3,0,0,0,1,9,8,2,30,22,0,0,0,1,29,24,0,0,0,0,0,0,0,0,0
PAIR,R2,19,GPT,0,0,0,0,0,0,0,0,0,0,0,0,0,0,0,2,70,55,0,0,0,0,0,0,0,0,0,0,0,0,0,0,0,0,0,0,0,0,0,0,0,0,0,0,0,0,0,0,1,35,28,0,0,0,0,0,0,0,0,0
PAIR,R2,20,GPT,0,0,0,0,0,0,0,0,0,0,0,0,0,0,0,2,143,123,0,0,0,0,0,0,0,0,0,1,12,9,0,0,0,0,0,0,0,0,0,0,0,0,0,0,0,1,31,23,0,0,0,0,0,0,0,0,0,0,0,0
PAIR,R2,21,GPT,0,0,0,0,0,0,0,0,0,0,0,0,0,0,0,3,76,56,1,34,27,0,0,0,0,0,0,0,0,0,0,0,0,1,16,11,0,0,0,0,0,0,0,0,0,0,0,0,0,0,0,0,0,0,0,0,0,0,0,0
PAIR,R2,22,GPT,0,0,0,0,0,0,0,0,0,0,0,0,0,0,0,3,59,48,1,30,25,0,0,0,0,0,0,0,0,0,0,0,0,1,28,17,0,0,0,0,0,0,0,0,0,0,0,0,0,0,0,0,0,0,0,0,0,0,0,0
PAIR,R2,23,GPT,0,0,0,0,0,0,0,0,0,0,0,0,0,0,0,2,48,40,0,0,0,0,0,0,0,0,0,0,0,0,0,0,0,0,0,0,0,0,0,0,0,0,0,0,0,0,0,0,1,22,14,0,0,0,0,0,0,0,0,0
PAIR,R2,24,GPT,0,0,0,0,0,0,0,0,0,0,0,0,0,0,0,1,28,21,0,0,0,1,14,11,0,0,0,0,0,0,0,0,0,2,40,27,0,0,0,0,0,0,0,0,0,0,0,0,0,0,0,0,0,0,0,0,0,0,0,0
PAIR,R2,25,GPT,0,0,0,0,0,0,0,0,0,0,0,0,0,0,0,2,126,95,1,20,16,0,0,0,1,36,27,1,36,25,0,0,0,1,40,32,0,0,0,0,0,0,0,0,0,0,0,0,0,0,0,0,0,0,0,0,0,0,0,0
PAIR,R2,26,GPT,0,0,0,0,0,0,0,0,0,0,0,0,0,0,0,1,26,22,1,45,36,0,0,0,0,0,0,0,0,0,0,0,0,2,29,24,0,0,0,0,0,0,0,0,0,0,0,0,0,0,0,0,0,0,0,0,0,0,0,0
PAIR,R5,11,GPT,0,0,0,0,0,0,0,0,0,1,29,23,0,0,0,0,0,0,0,0,0,0,0,0,0,0,0,0,0,0,0,0,0,0,0,0,0,0,0,0,0,0,0,0,0,0,0,0,0,0,0,0,0,0,0,0,0,0,0,0
PAIR,R5,12,GPT,0,0,0,0,0,0,0,0,0,1,26,20,0,0,0,0,0,0,0,0,0,0,0,0,0,0,0,0,0,0,0,0,0,0,0,0,0,0,0,0,0,0,0,0,0,0,0,0,0,0,0,0,0,0,0,0,0,0,0,0
PAIR,R5,13,GPT,0,0,0,0,0,0,0,0,0,1,34,25,0,0,0,0,0,0,0,0,0,0,0,0,0,0,0,0,0,0,0,0,0,0,0,0,0,0,0,0,0,0,0,0,0,0,0,0,0,0,0,0,0,0,0,0,0,0,0,0
PAIR,R5,14,GPT,0,0,0,0,0,0,1,24,18,0,0,0,0,0,0,0,0,0,0,0,0,0,0,0,0,0,0,0,0,0,0,0,0,0,0,0,0,0,0,0,0,0,0,0,0,0,0,0,0,0,0,0,0,0,0,0,0,0,0,0
PAIR,R5,15,GPT,0,0,0,0,0,0,0,0,0,1,7,6,0,0,0,0,0,0,0,0,0,0,0,0,0,0,0,0,0,0,0,0,0,0,0,0,0,0,0,0,0,0,0,0,0,0,0,0,0,0,0,0,0,0,0,0,0,0,0,0
PAIR,R5,16,GPT,0,0,0,0,0,0,0,0,0,1,20,15,0,0,0,0,0,0,0,0,0,0,0,0,0,0,0,0,0,0,0,0,0,0,0,0,0,0,0,0,0,0,0,0,0,0,0,0,0,0,0,0,0,0,0,0,0,0,0,0
PAIR,R5,17,GPT,0,0,0,0,0,0,1,31,25,0,0,0,0,0,0,0,0,0,0,0,0,0,0,0,0,0,0,0,0,0,0,0,0,0,0,0,0,0,0,0,0,0,0,0,0,0,0,0,0,0,0,0,0,0,0,0,0,0,0,0
PAIR,R5,18,GPT,0,0,0,0,0,0,0,0,0,1,13,9,0,0,0,0,0,0,0,0,0,0,0,0,0,0,0,0,0,0,0,0,0,0,0,0,0,0,0,0,0,0,0,0,0,0,0,0,0,0,0,0,0,0,0,0,0,0,0,0
PAIR,R6,3,GPT,0,0,0,0,0,0,0,0,0,0,0,0,0,0,0,1,32,26,0,0,0,0,0,0,0,0,0,0,0,0,0,0,0,0,0,0,0,0,0,0,0,0,0,0,0,0,0,0,0,0,0,0,0,0,0,0,0,0,0,0
PAIR,R6,4,GPT,1,19,16,1,36,28,0,0,0,0,0,0,0,0,0,0,0,0,0,0,0,0,0,0,0,0,0,0,0,0,0,0,0,0,0,0,0,0,0,0,0,0,0,0,0,0,0,0,0,0,0,0,0,0,0,0,0,0,0,0
PAIR,R6,5,GPT,2,106,82,1,14,12,0,0,0,0,0,0,0,0,0,0,0,0,0,0,0,0,0,0,0,0,0,0,0,0,0,0,0,0,0,0,0,0,0,0,0,0,0,0,0,0,0,0,0,0,0,0,0,0,0,0,0,0,0,0
PAIR,R6,6,GPT,0,0,0,3,69,53,0,0,0,0,0,0,0,0,0,0,0,0,0,0,0,0,0,0,0,0,0,0,0,0,0,0,0,0,0,0,0,0,0,0,0,0,0,0,0,0,0,0,0,0,0,0,0,0,0,0,0,0,0,0
PAIR,R6,7,GPT,0,0,0,2,47,32,0,0,0,0,0,0,0,0,0,2,22,16,0,0,0,0,0,0,0,0,0,0,0,0,0,0,0,0,0,0,0,0,0,0,0,0,0,0,0,0,0,0,0,0,0,0,0,0,0,0,0,0,0,0
PAIR,R6,8,GPT,0,0,0,3,34,27,0,0,0,0,0,0,0,0,0,0,0,0,0,0,0,0,0,0,0,0,0,0,0,0,0,0,0,0,0,0,0,0,0,0,0,0,0,0,0,0,0,0,1,6,4,0,0,0,0,0,0,0,0,0
PAIR,R6,9,GPT,0,0,0,0,0,0,0,0,0,0,0,0,0,0,0,0,0,0,0,0,0,0,0,0,0,0,0,0,0,0,0,0,0,0,0,0,0,0,0,0,0,0,0,0,0,1,6,4,0,0,0,0,0,0,0,0,0,0,0,0
PAIR,R6,10,GPT,0,0,0,2,43,32,0,0,0,0,0,0,0,0,0,0,0,0,0,0,0,0,0,0,0,0,0,0,0,0,0,0,0,0,0,0,0,0,0,0,0,0,0,0,0,0,0,0,0,0,0,0,0,0,0,0,0,0,0,0
PAIR,R1,43,GPT,0,0,0,0,0,0,0,0,0,0,0,0,0,0,0,0,0,0,1,17,14,1,16,12,0,0,0,0,0,0,0,0,0,0,0,0,0,0,0,0,0,0,2,36,28,0,0,0,0,0,0,0,0,0,0,0,0,0,0,0
PAIR,R1,44,GPT,0,0,0,1,30,25,0,0,0,0,0,0,1,24,23,0,0,0,0,0,0,0,0,0,0,0,0,1,14,12,0,0,0,0,0,0,0,0,0,0,0,0,1,15,11,0,0,0,0,0,0,0,0,0,0,0,0,0,0,0
PAIR,R1,45,GPT,0,0,0,0,0,0,0,0,0,0,0,0,0,0,0,1,22,20,0,0,0,0,0,0,2,33,28,0,0,0,0,0,0,0,0,0,0,0,0,0,0,0,2,25,22,0,0,0,0,0,0,0,0,0,0,0,0,0,0,0
PAIR,R1,46,GPT,1,32,26,0,0,0,0,0,0,0,0,0,0,0,0,1,18,15,0,0,0,0,0,0,0,0,0,0,0,0,0,0,0,0,0,0,0,0,0,0,0,0,1,27,18,0,0,0,0,0,0,0,0,0,0,0,0,0,0,0
PAIR,R1,47,GPT,0,0,0,1,38,29,0,0,0,0,0,0,0,0,0,2,59,47,0,0,0,0,0,0,0,0,0,0,0,0,0,0,0,0,0,0,0,0,0,0,0,0,2,42,35,0,0,0,0,0,0,0,0,0,0,0,0,0,0,0
PAIR,R1,48,GPT,0,0,0,1,11,8,0,0,0,0,0,0,0,0,0,0,0,0,0,0,0,0,0,0,0,0,0,0,0,0,0,0,0,0,0,0,1,23,17,0,0,0,2,42,34,0,0,0,0,0,0,0,0,0,0,0,0,0,0,0
PAIR,R1,49,GPT,0,0,0,0,0,0,0,0,0,0,0,0,0,0,0,1,44,38,0,0,0,0,0,0,0,0,0,0,0,0,0,0,0,0,0,0,0,0,0,0,0,0,1,15,11,0,0,0,0,0,0,0,0,0,0,0,0,0,0,0
PAIR,R1,50,GPT,0,0,0,0,0,0,0,0,0,0,0,0,0,0,0,0,0,0,2,49,36,0,0,0,0,0,0,0,0,0,1,23,18,0,0,0,0,0,0,0,0,0,1,23,18,0,0,0,0,0,0,0,0,0,0,0,0,0,0,0
PAIR,R3,35,GPT,1,24,17,0,0,0,2,38,33,4,68,52,8,94,74,1,12,11,2,58,45,0,0,0,1,15,13,0,0,0,0,0,0,5,95,73,0,0,0,0,0,0,0,0,0,1,19,15,0,0,0,1,23,20,0,0,0,0,0,0
PAIR,R3,36,GPT,0,0,0,0,0,0,1,31,24,7,142,108,4,69,55,3,32,29,1,26,21,0,0,0,0,0,0,1,20,18,1,8,6,4,68,55,0,0,0,1,31,24,0,0,0,0,0,0,1,8,6,0,0,0,0,0,0,0,0,0
PAIR,R3,37,GPT,0,0,0,0,0,0,3,61,53,6,135,110,3,79,71,4,87,70,3,74,59,0,0,0,0,0,0,4,73,57,0,0,0,2,44,33,0,0,0,0,0,0,1,12,7,5,99,81,0,0,0,1,29,25,0,0,0,0,0,0
PAIR,R3,38,GPT,0,0,0,0,0,0,1,25,23,11,191,145,11,158,118,4,61,48,1,43,32,0,0,0,0,0,0,2,52,40,0,0,0,4,106,81,0,0,0,0,0,0,1,43,32,1,18,15,0,0,0,0,0,0,1,21,16,0,0,0
PAIR,R3,39,GPT,0,0,0,0,0,0,1,20,16,3,59,45,3,58,42,4,54,46,1,22,16,0,0,0,0,0,0,1,30,26,0,0,0,4,93,74,0,0,0,0,0,0,1,13,11,4,77,62,0,0,0,1,23,18,0,0,0,0,0,0
PAIR,R3,40,GPT,0,0,0,0,0,0,2,44,39,5,88,70,5,106,87,5,86,66,3,58,45,0,0,0,2,53,41,1,25,22,0,0,0,2,52,41,1,23,19,0,0,0,2,51,37,1,25,22,0,0,0,1,23,21,0,0,0,0,0,0
PAIR,R3,41,GPT,0,0,0,0,0,0,0,0,0,8,153,129,4,54,49,1,29,23,0,0,0,0,0,0,0,0,0,1,15,11,1,2,1,4,81,71,0,0,0,0,0,0,0,0,0,0,0,0,0,0,0,0,0,0,0,0,0,0,0,0
PAIR,R3,42,GPT,0,0,0,0,0,0,0,0,0,3,56,45,6,130,109,0,0,0,1,18,15,0,0,0,1,25,20,0,0,0,0,0,0,9,185,153,0,0,0,0,0,0,0,0,0,0,0,0,0,0,0,0,0,0,0,0,0,0,0,0
CounselChat,gold_standard,1,Claude,0,0,0,1,10,10,0,0,0,6,75,64,3,41,33,4,35,28,2,22,18,1,16,11,0,0,0,0,0,0,0,0,0,0,0,0,0,0,0,0,0,0,1,8,7,0,0,0,0,0,0,0,0,0,1,27,20,0,0,0
CounselChat,gold_standard,2,Claude,0,0,0,0,0,0,0,0,0,7,69,57,1,8,7,8,91,73,0,0,0,1,16,14,0,0,0,0,0,0,0,0,0,0,0,0,0,0,0,0,0,0,0,0,0,1,14,12,0,0,0,0,0,0,0,0,0,0,0,0
CounselChat,R4,3,Claude,0,0,0,1,33,28,5,81,72,0,0,0,1,8,7,9,137,107,5,89,69,0,0,0,1,16,14,0,0,0,0,0,0,1,33,28,0,0,0,0,0,0,0,0,0,0,0,0,0,0,0,0,0,0,0,0,0,0,0,0
CounselChat,R4,4,Claude,0,0,0,1,46,39,6,94,74,3,38,31,1,21,18,1,21,18,3,53,44,1,22,19,0,0,0,0,0,0,0,0,0,1,46,39,0,0,0,1,21,18,0,0,0,0,0,0,0,0,0,0,0,0,0,0,0,0,0,0
CounselChat,R4,5,Claude,0,0,0,1,10,7,2,20,18,3,27,22,2,25,21,9,160,130,6,110,91,1,11,10,0,0,0,0,0,0,0,0,0,2,44,37,1,10,9,0,0,0,0,0,0,0,0,0,0,0,0,0,0,0,0,0,0,0,0,0
CounselChat,R4,6,Claude,0,0,0,1,23,20,4,46,39,3,32,30,1,5,5,8,65,60,11,74,63,0,0,0,0,0,0,0,0,0,0,0,0,0,0,0,2,35,29,0,0,0,1,12,10,0,0,0,0,0,0,0,0,0,0,0,0,0,0,0
CounselChat,R4,7,Claude,1,33,25,1,22,18,4,78,66,0,0,0,1,19,17,4,62,56,4,58,49,0,0,0,1,12,11,0,0,0,0,0,0,1,22,18,0,0,0,0,0,0,0,0,0,0,0,0,0,0,0,0,0,0,0,0,0,0,0,0
CounselChat,R4,8,Claude,0,0,0,2,39,35,0,0,0,9,137,121,2,34,28,1,12,11,5,78,64,2,27,21,0,0,0,0,0,0,0,0,0,2,32,26,0,0,0,0,0,0,0,0,0,0,0,0,0,0,0,0,0,0,1,10,9,1,9,7
CounselChat,R4,9,Claude,0,0,0,1,10,7,0,0,0,8,95,77,1,5,5,5,69,51,5,100,75,1,23,17,0,0,0,0,0,0,0,0,0,3,42,31,1,30,22,0,0,0,0,0,0,0,0,0,0,0,0,0,0,0,0,0,0,0,0,0
CounselChat,R4,10,Claude,0,0,0,3,63,49,2,24,19,1,23,20,0,0,0,0,0,0,3,40,33,3,41,29,2,21,16,0,0,0,0,0,0,3,60,48,2,42,34,0,0,0,1,10,8,0,0,0,0,0,0,0,0,0,1,27,23,0,0,0
CounselChat,R2,19,Claude,0,0,0,2,30,24,0,0,0,0,0,0,0,0,0,0,0,0,1,28,24,2,28,23,2,22,19,2,37,29,0,0,0,0,0,0,0,0,0,0,0,0,0,0,0,1,25,21,0,0,0,0,0,0,0,0,0,0,0,0
CounselChat,R2,20,Claude,0,0,0,0,0,0,0,0,0,0,0,0,0,0,0,0,0,0,1,17,13,0,0,0,3,61,54,0,0,0,0,0,0,0,0,0,0,0,0,0,0,0,0,0,0,1,23,21,0,0,0,0,0,0,3,51,42,0,0,0
CounselChat,R2,21,Claude,0,0,0,1,28,23,0,0,0,0,0,0,0,0,0,1,32,25,0,0,0,2,31,27,1,10,9,0,0,0,0,0,0,0,0,0,0,0,0,0,0,0,0,0,0,2,49,42,0,0,0,0,0,0,0,0,0,0,0,0
CounselChat,R2,22,Claude,0,0,0,0,0,0,0,0,0,0,0,0,0,0,0,1,39,33,0,0,0,0,0,0,2,54,48,1,34,26,0,0,0,0,0,0,0,0,0,0,0,0,0,0,0,2,61,56,2,32,25,0,0,0,0,0,0,0,0,0
CounselChat,R2,23,Claude,0,0,0,0,0,0,0,0,0,0,0,0,0,0,0,0,0,0,0,0,0,3,44,38,1,15,14,1,20,17,0,0,0,0,0,0,1,21,18,0,0,0,0,0,0,1,5,4,0,0,0,0,0,0,0,0,0,0,0,0
CounselChat,R2,24,Claude,0,0,0,1,19,16,0,0,0,0,0,0,0,0,0,1,24,20,0,0,0,1,6,5,2,35,31,1,21,15,0,0,0,0,0,0,0,0,0,0,0,0,0,0,0,1,8,6,0,0,0,0,0,0,0,0,0,0,0,0
CounselChat,R2,25,Claude,1,11,9,1,23,20,0,0,0,0,0,0,0,0,0,2,38,26,0,0,0,1,20,19,1,11,9,1,31,26,0,0,0,0,0,0,0,0,0,0,0,0,0,0,0,1,11,11,0,0,0,0,0,0,0,0,0,0,0,0
CounselChat,R2,26,Claude,0,0,0,2,36,27,0,0,0,0,0,0,0,0,0,0,0,0,0,0,0,1,11,10,1,25,22,0,0,0,0,0,0,0,0,0,0,0,0,0,0,0,0,0,0,1,24,21,0,0,0,0,0,0,1,24,19,0,0,0
CounselChat,R5,11,Claude,0,0,0,0,0,0,0,0,0,1,28,24,0,0,0,0,0,0,0,0,0,0,0,0,0,0,0,0,0,0,0,0,0,0,0,0,0,0,0,0,0,0,0,0,0,0,0,0,0,0,0,0,0,0,0,0,0,0,0,0
CounselChat,R5,12,Claude,0,0,0,0,0,0,0,0,0,1,16,14,0,0,0,0,0,0,0,0,0,0,0,0,0,0,0,0,0,0,0,0,0,0,0,0,0,0,0,0,0,0,0,0,0,0,0,0,0,0,0,0,0,0,0,0,0,0,0,0
CounselChat,R5,13,Claude,0,0,0,0,0,0,0,0,0,1,12,12,0,0,0,0,0,0,0,0,0,0,0,0,0,0,0,0,0,0,0,0,0,0,0,0,0,0,0,0,0,0,0,0,0,0,0,0,0,0,0,0,0,0,0,0,0,0,0,0
CounselChat,R5,14,Claude,0,0,0,0,0,0,0,0,0,1,34,25,0,0,0,0,0,0,0,0,0,0,0,0,0,0,0,0,0,0,0,0,0,0,0,0,0,0,0,0,0,0,0,0,0,0,0,0,0,0,0,0,0,0,0,0,0,0,0,0
CounselChat,R5,15,Claude,0,0,0,0,0,0,0,0,0,1,28,24,0,0,0,0,0,0,0,0,0,0,0,0,0,0,0,0,0,0,0,0,0,0,0,0,0,0,0,0,0,0,0,0,0,0,0,0,0,0,0,0,0,0,0,0,0,0,0,0
CounselChat,R5,16,Claude,0,0,0,0,0,0,0,0,0,1,18,15,0,0,0,0,0,0,0,0,0,0,0,0,0,0,0,0,0,0,0,0,0,0,0,0,0,0,0,0,0,0,0,0,0,0,0,0,0,0,0,0,0,0,0,0,0,0,0,0
CounselChat,R5,17,Claude,0,0,0,0,0,0,0,0,0,1,20,17,0,0,0,0,0,0,0,0,0,0,0,0,0,0,0,0,0,0,0,0,0,0,0,0,0,0,0,0,0,0,0,0,0,0,0,0,0,0,0,0,0,0,0,0,0,0,0,0
CounselChat,R5,18,Claude,0,0,0,0,0,0,0,0,0,1,8,7,0,0,0,0,0,0,0,0,0,0,0,0,0,0,0,0,0,0,0,0,0,0,0,0,0,0,0,0,0,0,0,0,0,0,0,0,0,0,0,0,0,0,0,0,0,0,0,0
CounselChat,R6,35,Claude,3,50,42,0,0,0,0,0,0,0,0,0,0,0,0,0,0,0,0,0,0,0,0,0,0,0,0,0,0,0,0,0,0,0,0,0,0,0,0,0,0,0,0,0,0,0,0,0,0,0,0,0,0,0,0,0,0,0,0,0
CounselChat,R6,36,Claude,1,7,5,1,26,21,0,0,0,0,0,0,0,0,0,0,0,0,0,0,0,0,0,0,0,0,0,0,0,0,0,0,0,0,0,0,0,0,0,0,0,0,0,0,0,0,0,0,1,7,5,0,0,0,0,0,0,0,0,0
CounselChat,R6,37,Claude,0,0,0,1,8,6,0,0,0,0,0,0,0,0,0,0,0,0,0,0,0,0,0,0,0,0,0,0,0,0,0,0,0,0,0,0,0,0,0,0,0,0,0,0,0,0,0,0,0,0,0,2,39,34,0,0,0,0,0,0
CounselChat,R6,38,Claude,3,36,25,0,0,0,0,0,0,0,0,0,0,0,0,0,0,0,0,0,0,0,0,0,0,0,0,0,0,0,0,0,0,0,0,0,0,0,0,0,0,0,0,0,0,0,0,0,0,0,0,0,0,0,0,0,0,0,0,0
CounselChat,R6,39,Claude,1,26,22,0,0,0,0,0,0,0,0,0,0,0,0,0,0,0,0,0,0,1,9,8,0,0,0,0,0,0,0,0,0,0,0,0,0,0,0,0,0,0,0,0,0,0,0,0,0,0,0,0,0,0,0,0,0,0,0,0
CounselChat,R6,40,Claude,1,23,21,0,0,0,0,0,0,0,0,0,0,0,0,0,0,0,0,0,0,0,0,0,0,0,0,0,0,0,0,0,0,0,0,0,0,0,0,0,0,0,0,0,0,0,0,0,0,0,0,0,0,0,0,0,0,0,0,0
CounselChat,R6,41,Claude,1,9,8,0,0,0,0,0,0,0,0,0,0,0,0,0,0,0,0,0,0,0,0,0,0,0,0,0,0,0,0,0,0,0,0,0,0,0,0,0,0,0,0,0,0,0,0,0,0,0,0,0,0,0,0,0,0,0,0,0
CounselChat,R6,42,Claude,0,0,0,0,0,0,0,0,0,0,0,0,0,0,0,0,0,0,0,0,0,2,44,36,0,0,0,0,0,0,0,0,0,0,0,0,0,0,0,0,0,0,0,0,0,0,0,0,0,0,0,0,0,0,0,0,0,0,0,0
CounselChat,R1,27,Claude,0,0,0,0,0,0,0,0,0,0,0,0,1,7,4,0,0,0,0,0,0,2,29,25,0,0,0,0,0,0,0,0,0,0,0,0,0,0,0,0,0,0,2,38,31,0,0,0,0,0,0,0,0,0,0,0,0,0,0,0
CounselChat,R1,28,Claude,0,0,0,0,0,0,0,0,0,0,0,0,1,8,6,0,0,0,0,0,0,1,8,7,2,57,49,0,0,0,0,0,0,0,0,0,0,0,0,0,0,0,2,41,35,0,0,0,0,0,0,0,0,0,0,0,0,0,0,0
CounselChat,R1,29,Claude,0,0,0,0,0,0,0,0,0,0,0,0,0,0,0,0,0,0,0,0,0,1,11,10,1,15,14,5,51,46,0,0,0,0,0,0,0,0,0,0,0,0,3,60,54,0,0,0,0,0,0,0,0,0,0,0,0,0,0,0
CounselChat,R1,30,Claude,0,0,0,0,0,0,0,0,0,0,0,0,0,0,0,1,39,31,2,36,26,1,10,9,3,44,39,1,52,46,0,0,0,0,0,0,0,0,0,0,0,0,2,29,23,0,0,0,0,0,0,0,0,0,0,0,0,0,0,0
CounselChat,R1,31,Claude,0,0,0,0,0,0,0,0,0,0,0,0,0,0,0,0,0,0,0,0,0,0,0,0,1,34,27,1,36,31,0,0,0,0,0,0,1,7,7,0,0,0,0,0,0,0,0,0,0,0,0,0,0,0,0,0,0,0,0,0
CounselChat,R1,32,Claude,0,0,0,1,11,7,0,0,0,0,0,0,0,0,0,0,0,0,0,0,0,1,7,6,3,44,41,0,0,0,0,0,0,0,0,0,0,0,0,0,0,0,1,20,15,0,0,0,0,0,0,0,0,0,1,21,18,0,0,0
CounselChat,R1,33,Claude,0,0,0,0,0,0,0,0,0,0,0,0,0,0,0,0,0,0,0,0,0,0,0,0,1,28,25,0,0,0,0,0,0,0,0,0,0,0,0,0,0,0,3,76,66,0,0,0,0,0,0,0,0,0,0,0,0,0,0,0
CounselChat,R1,34,Claude,0,0,0,1,12,9,0,0,0,0,0,0,0,0,0,0,0,0,0,0,0,2,24,19,3,44,38,0,0,0,0,0,0,0,0,0,0,0,0,0,0,0,1,19,15,0,0,0,0,0,0,0,0,0,0,0,0,0,0,0
CounselChat,R3,43,Claude,4,45,37,0,0,0,0,0,0,10,101,82,5,53,47,1,10,6,0,0,0,1,17,14,1,15,13,3,30,28,0,0,0,6,107,90,0,0,0,0,0,0,1,8,7,4,54,47,0,0,0,0,0,0,7,93,81,0,0,0
CounselChat,R3,44,Claude,0,0,0,1,17,17,0,0,0,13,171,156,6,63,56,0,0,0,3,29,20,1,13,11,0,0,0,4,24,14,0,0,0,2,39,34,0,0,0,0,0,0,3,47,40,0,0,0,0,0,0,0,0,0,0,0,0,0,0,0
CounselChat,R3,45,Claude,4,48,33,0,0,0,0,0,0,7,78,63,2,15,14,5,70,55,1,20,17,1,12,10,0,0,0,3,45,35,0,0,0,3,44,35,1,6,5,0,0,0,1,9,7,2,42,36,0,0,0,0,0,0,7,59,47,0,0,0
CounselChat,R3,46,Claude,0,0,0,1,6,5,1,11,10,10,126,104,5,84,73,3,51,46,1,23,19,1,20,18,0,0,0,5,68,55,0,0,0,9,125,103,1,17,15,0,0,0,1,17,15,1,7,6,0,0,0,0,0,0,0,0,0,0,0,0
CounselChat,R3,47,Claude,1,33,29,0,0,0,3,38,31,11,160,136,5,81,71,0,0,0,0,0,0,1,15,13,0,0,0,5,134,114,0,0,0,5,89,76,0,0,0,0,0,0,0,0,0,4,88,72,0,0,0,1,15,13,3,53,48,0,0,0
CounselChat,R3,48,Claude,0,0,0,0,0,0,1,13,12,8,114,92,8,103,89,5,61,57,1,14,14,1,13,12,0,0,0,0,0,0,0,0,0,1,6,5,1,14,13,0,0,0,0,0,0,2,41,37,3,46,41,2,36,32,2,26,25,0,0,0
CounselChat,R3,49,Claude,0,0,0,0,0,0,6,75,69,7,99,75,9,86,77,8,115,98,0,0,0,1,15,14,0,0,0,3,46,40,0,0,0,3,50,42,0,0,0,0,0,0,0,0,0,0,0,0,0,0,0,1,15,14,0,0,0,0,0,0
CounselChat,R3,50,Claude,0,0,0,0,0,0,0,0,0,8,153,133,6,89,77,2,52,45,2,45,38,1,13,12,1,12,11,1,27,24,0,0,0,3,69,59,0,0,0,0,0,0,5,103,94,1,24,23,0,0,0,0,0,0,0,0,0,0,0,0
PAIR,gold_standard,1,Claude,0,0,0,1,16,12,0,0,0,6,87,77,3,48,39,4,50,45,2,34,30,1,15,13,0,0,0,0,0,0,0,0,0,0,0,0,0,0,0,0,0,0,1,16,13,0,0,0,0,0,0,0,0,0,1,28,24,0,0,0
PAIR,gold_standard,2,Claude,0,0,0,0,0,0,0,0,0,7,117,101,1,14,13,8,84,72,0,0,0,1,24,22,0,0,0,0,0,0,0,0,0,0,0,0,0,0,0,0,0,0,0,0,0,1,24,21,0,0,0,0,0,0,0,0,0,0,0,0
PAIR,R4,27,Claude,0,0,0,1,24,21,3,44,36,7,87,75,1,6,4,2,44,28,4,34,25,0,0,0,1,17,15,0,0,0,0,0,0,3,51,43,0,0,0,0,0,0,2,18,14,0,0,0,0,0,0,0,0,0,0,0,0,0,0,0
PAIR,R4,28,Claude,0,0,0,3,70,47,0,0,0,14,224,175,0,0,0,0,0,0,4,27,22,1,34,24,0,0,0,0,0,0,0,0,0,0,0,0,3,53,38,0,0,0,0,0,0,0,0,0,0,0,0,0,0,0,0,0,0,0,0,0
PAIR,R4,29,Claude,0,0,0,1,28,24,3,64,54,3,42,31,1,7,4,4,50,48,11,130,95,1,12,10,0,0,0,0,0,0,0,0,0,2,40,35,0,0,0,1,10,9,0,0,0,0,0,0,0,0,0,0,0,0,0,0,0,0,0,0
PAIR,R4,30,Claude,1,37,31,2,52,45,2,44,37,2,80,64,0,0,0,0,0,0,5,98,82,3,36,31,1,11,10,0,0,0,0,0,0,1,15,14,0,0,0,0,0,0,0,0,0,0,0,0,0,0,0,0,0,0,1,9,7,0,0,0
PAIR,R4,31,Claude,0,0,0,2,52,47,8,143,130,1,16,12,1,8,5,3,42,36,5,79,65,4,52,46,0,0,0,0,0,0,0,0,0,2,52,47,2,56,51,0,0,0,0,0,0,0,0,0,0,0,0,0,0,0,0,0,0,0,0,0
PAIR,R4,32,Claude,0,0,0,1,18,15,3,62,47,7,112,81,2,25,23,5,71,53,7,124,93,0,0,0,1,15,13,0,0,0,0,0,0,1,18,15,0,0,0,0,0,0,0,0,0,0,0,0,0,0,0,0,0,0,0,0,0,0,0,0
PAIR,R4,33,Claude,0,0,0,2,38,34,10,153,121,5,83,72,1,34,22,6,129,90,6,27,24,0,0,0,1,13,12,0,0,0,0,0,0,2,37,33,0,0,0,1,14,14,0,0,0,0,0,0,0,0,0,0,0,0,1,11,9,0,0,0
PAIR,R4,34,Claude,0,0,0,2,42,35,3,60,49,8,120,106,1,11,8,4,52,38,5,75,65,2,28,22,0,0,0,0,0,0,0,0,0,2,18,13,0,0,0,0,0,0,1,8,6,0,0,0,0,0,0,0,0,0,1,12,11,0,0,0
PAIR,R2,19,Claude,0,0,0,0,0,0,0,0,0,0,0,0,0,0,0,3,36,34,0,0,0,0,0,0,2,37,34,0,0,0,0,0,0,0,0,0,0,0,0,0,0,0,0,0,0,0,0,0,0,0,0,0,0,0,1,10,6,0,0,0
PAIR,R2,20,Claude,0,0,0,0,0,0,0,0,0,0,0,0,0,0,0,2,19,16,0,0,0,1,12,11,0,0,0,0,0,0,0,0,0,1,35,29,0,0,0,0,0,0,0,0,0,0,0,0,0,0,0,0,0,0,0,0,0,0,0,0
PAIR,R2,21,Claude,0,0,0,0,0,0,0,0,0,0,0,0,0,0,0,1,30,26,0,0,0,1,11,10,1,14,12,0,0,0,0,0,0,0,0,0,0,0,0,0,0,0,0,0,0,0,0,0,0,0,0,0,0,0,0,0,0,0,0,0
PAIR,R2,22,Claude,0,0,0,0,0,0,0,0,0,0,0,0,0,0,0,5,71,63,0,0,0,2,24,21,1,10,9,0,0,0,0,0,0,1,23,18,0,0,0,0,0,0,0,0,0,0,0,0,1,9,7,0,0,0,0,0,0,0,0,0
PAIR,R2,23,Claude,0,0,0,0,0,0,0,0,0,0,0,0,0,0,0,1,14,10,0,0,0,1,10,9,1,16,14,1,18,14,0,0,0,0,0,0,0,0,0,0,0,0,0,0,0,1,20,19,1,18,14,0,0,0,0,0,0,0,0,0
PAIR,R2,24,Claude,0,0,0,0,0,0,0,0,0,0,0,0,0,0,0,1,16,14,2,39,33,0,0,0,1,26,20,0,0,0,0,0,0,1,35,23,0,0,0,0,0,0,0,0,0,1,7,6,0,0,0,0,0,0,0,0,0,0,0,0
PAIR,R2,25,Claude,0,0,0,0,0,0,0,0,0,0,0,0,0,0,0,2,31,28,1,36,24,1,10,9,2,48,43,0,0,0,0,0,0,3,40,34,0,0,0,0,0,0,0,0,0,0,0,0,0,0,0,0,0,0,0,0,0,0,0,0
PAIR,R2,26,Claude,0,0,0,0,0,0,0,0,0,0,0,0,0,0,0,3,39,38,0,0,0,0,0,0,2,41,35,1,29,23,0,0,0,3,59,53,0,0,0,0,0,0,0,0,0,1,6,5,0,0,0,0,0,0,0,0,0,0,0,0
PAIR,R5,11,Claude,0,0,0,0,0,0,0,0,0,1,30,26,0,0,0,0,0,0,0,0,0,0,0,0,0,0,0,0,0,0,0,0,0,0,0,0,0,0,0,0,0,0,0,0,0,0,0,0,0,0,0,0,0,0,0,0,0,0,0,0
PAIR,R5,12,Claude,0,0,0,0,0,0,0,0,0,1,35,32,0,0,0,0,0,0,0,0,0,0,0,0,0,0,0,0,0,0,0,0,0,0,0,0,0,0,0,0,0,0,0,0,0,0,0,0,0,0,0,0,0,0,0,0,0,0,0,0
PAIR,R5,13,Claude,0,0,0,0,0,0,0,0,0,1,31,26,0,0,0,0,0,0,0,0,0,0,0,0,0,0,0,0,0,0,0,0,0,0,0,0,0,0,0,0,0,0,0,0,0,0,0,0,0,0,0,0,0,0,0,0,0,0,0,0
PAIR,R5,14,Claude,0,0,0,0,0,0,0,0,0,1,10,7,0,0,0,0,0,0,0,0,0,0,0,0,0,0,0,0,0,0,0,0,0,0,0,0,0,0,0,0,0,0,0,0,0,0,0,0,0,0,0,0,0,0,0,0,0,0,0,0
PAIR,R5,15,Claude,0,0,0,0,0,0,0,0,0,1,9,7,0,0,0,0,0,0,0,0,0,0,0,0,0,0,0,0,0,0,0,0,0,0,0,0,0,0,0,0,0,0,0,0,0,0,0,0,0,0,0,0,0,0,0,0,0,0,0,0
PAIR,R5,16,Claude,0,0,0,0,0,0,0,0,0,1,19,16,0,0,0,0,0,0,0,0,0,0,0,0,0,0,0,0,0,0,0,0,0,0,0,0,0,0,0,0,0,0,0,0,0,0,0,0,0,0,0,0,0,0,0,0,0,0,0,0
PAIR,R5,17,Claude,0,0,0,0,0,0,0,0,0,1,24,22,0,0,0,0,0,0,0,0,0,0,0,0,0,0,0,0,0,0,0,0,0,0,0,0,0,0,0,0,0,0,0,0,0,0,0,0,0,0,0,0,0,0,0,0,0,0,0,0
PAIR,R5,18,Claude,0,0,0,0,0,0,1,22,21,0,0,0,0,0,0,0,0,0,0,0,0,0,0,0,0,0,0,0,0,0,0,0,0,0,0,0,0,0,0,0,0,0,0,0,0,0,0,0,0,0,0,0,0,0,0,0,0,0,0,0
PAIR,R6,3,Claude,2,47,39,0,0,0,0,0,0,0,0,0,0,0,0,0,0,0,0,0,0,0,0,0,0,0,0,0,0,0,0,0,0,0,0,0,0,0,0,0,0,0,0,0,0,0,0,0,0,0,0,0,0,0,0,0,0,0,0,0
PAIR,R6,4,Claude,1,18,13,2,34,29,0,0,0,0,0,0,0,0,0,0,0,0,0,0,0,0,0,0,0,0,0,0,0,0,0,0,0,0,0,0,0,0,0,0,0,0,0,0,0,0,0,0,0,0,0,0,0,0,0,0,0,0,0,0
PAIR,R6,5,Claude,0,0,0,0,0,0,0,0,0,0,0,0,0,0,0,0,0,0,0,0,0,1,10,9,0,0,0,0,0,0,0,0,0,0,0,0,0,0,0,0,0,0,0,0,0,0,0,0,0,0,0,0,0,0,0,0,0,0,0,0
PAIR,R6,6,Claude,2,28,23,2,22,19,0,0,0,0,0,0,0,0,0,1,16,14,0,0,0,0,0,0,0,0,0,0,0,0,0,0,0,0,0,0,0,0,0,0,0,0,0,0,0,1,10,9,0,0,0,1,19,15,0,0,0,0,0,0
PAIR,R6,7,Claude,0,0,0,1,14,12,0,0,0,0,0,0,0,0,0,0,0,0,0,0,0,1,11,10,0,0,0,0,0,0,0,0,0,0,0,0,0,0,0,0,0,0,0,0,0,1,23,20,0,0,0,0,0,0,0,0,0,0,0,0
PAIR,R6,8,Claude,0,0,0,0,0,0,0,0,0,0,0,0,0,0,0,0,0,0,0,0,0,2,32,28,0,0,0,0,0,0,0,0,0,0,0,0,0,0,0,0,0,0,0,0,0,1,8,7,0,0,0,0,0,0,0,0,0,0,0,0
PAIR,R6,9,Claude,0,0,0,1,16,14,0,0,0,0,0,0,0,0,0,1,17,14,0,0,0,1,19,14,0,0,0,0,0,0,0,0,0,0,0,0,0,0,0,0,0,0,0,0,0,0,0,0,0,0,0,0,0,0,0,0,0,0,0,0
PAIR,R6,10,Claude,0,0,0,2,27,26,0,0,0,0,0,0,0,0,0,0,0,0,0,0,0,0,0,0,0,0,0,0,0,0,0,0,0,0,0,0,0,0,0,0,0,0,0,0,0,0,0,0,0,0,0,0,0,0,0,0,0,0,0,0
PAIR,R1,43,Claude,0,0,0,0,0,0,0,0,0,0,0,0,0,0,0,0,0,0,0,0,0,4,49,36,0,0,0,0,0,0,0,0,0,0,0,0,0,0,0,0,0,0,1,33,29,0,0,0,0,0,0,0,0,0,0,0,0,0,0,0
PAIR,R1,44,Claude,0,0,0,1,21,20,0,0,0,0,0,0,0,0,0,0,0,0,0,0,0,0,0,0,0,0,0,0,0,0,0,0,0,0,0,0,0,0,0,0,0,0,1,21,18,0,0,0,0,0,0,0,0,0,0,0,0,0,0,0
PAIR,R1,45,Claude,0,0,0,0,0,0,0,0,0,0,0,0,1,7,6,0,0,0,0,0,0,1,13,9,3,25,22,1,20,18,0,0,0,0,0,0,0,0,0,0,0,0,2,36,32,0,0,0,0,0,0,0,0,0,0,0,0,0,0,0
PAIR,R1,46,Claude,1,12,9,0,0,0,0,0,0,0,0,0,0,0,0,1,11,9,0,0,0,0,0,0,1,13,12,0,0,0,0,0,0,0,0,0,0,0,0,0,0,0,1,19,15,0,0,0,0,0,0,0,0,0,0,0,0,0,0,0
PAIR,R1,47,Claude,0,0,0,1,40,34,0,0,0,0,0,0,0,0,0,0,0,0,1,10,7,1,14,12,1,22,18,1,19,15,0,0,0,0,0,0,0,0,0,0,0,0,2,38,32,0,0,0,0,0,0,0,0,0,0,0,0,0,0,0
PAIR,R1,48,Claude,0,0,0,1,20,15,0,0,0,0,0,0,0,0,0,0,0,0,0,0,0,3,23,19,1,31,27,0,0,0,0,0,0,0,0,0,0,0,0,0,0,0,1,24,18,0,0,0,0,0,0,0,0,0,0,0,0,0,0,0
PAIR,R1,49,Claude,0,0,0,0,0,0,0,0,0,0,0,0,0,0,0,1,29,22,0,0,0,1,9,8,0,0,0,0,0,0,0,0,0,0,0,0,0,0,0,0,0,0,1,28,23,0,0,0,0,0,0,0,0,0,0,0,0,0,0,0
PAIR,R1,50,Claude,0,0,0,0,0,0,0,0,0,0,0,0,1,5,3,1,15,13,0,0,0,1,26,22,1,8,7,0,0,0,0,0,0,0,0,0,1,24,21,0,0,0,2,40,35,0,0,0,0,0,0,0,0,0,0,0,0,0,0,0
PAIR,R3,35,Claude,1,34,29,1,13,11,2,33,28,0,0,0,0,0,0,0,0,0,0,0,0,0,0,0,2,45,39,2,57,48,0,0,0,0,0,0,0,0,0,0,0,0,0,0,0,2,43,36,0,0,0,0,0,0,2,33,28,0,0,0
PAIR,R3,36,Claude,0,0,0,0,0,0,2,29,26,6,71,63,9,126,102,0,0,0,1,11,11,1,14,12,0,0,0,0,0,0,0,0,0,1,23,19,0,0,0,0,0,0,0,0,0,3,53,45,1,16,14,1,14,12,2,29,23,0,0,0
PAIR,R3,37,Claude,0,0,0,0,0,0,0,0,0,10,139,103,7,97,76,0,0,0,4,73,58,0,0,0,2,33,28,5,74,57,0,0,0,4,69,51,0,0,0,0,0,0,0,0,0,3,31,26,0,0,0,0,0,0,0,0,0,0,0,0
PAIR,R3,38,Claude,2,45,38,2,15,13,1,9,8,7,143,118,3,68,57,0,0,0,1,39,34,6,60,50,4,24,18,3,101,83,0,0,0,3,79,65,0,0,0,0,0,0,1,13,10,2,25,21,0,0,0,0,0,0,1,16,14,0,0,0
PAIR,R3,39,Claude,0,0,0,0,0,0,1,23,21,9,174,149,4,42,38,0,0,0,4,83,71,1,9,8,0,0,0,2,63,53,0,0,0,8,187,160,0,0,0,0,0,0,0,0,0,1,21,18,0,0,0,0,0,0,1,23,21,0,0,0
PAIR,R3,40,Claude,0,0,0,0,0,0,0,0,0,3,34,28,4,102,81,0,0,0,0,0,0,1,14,12,2,44,39,2,41,28,0,0,0,6,75,58,2,37,33,0,0,0,0,0,0,0,0,0,0,0,0,0,0,0,0,0,0,0,0,0
PAIR,R3,41,Claude,0,0,0,0,0,0,0,0,0,15,222,185,4,45,36,0,0,0,1,17,16,1,14,13,1,17,15,3,52,43,0,0,0,5,87,70,0,0,0,0,0,0,0,0,0,0,0,0,0,0,0,0,0,0,0,0,0,0,0,0
PAIR,R3,42,Claude,0,0,0,0,0,0,2,21,19,8,117,95,2,36,27,0,0,0,1,25,22,2,20,17,0,0,0,2,47,38,0,0,0,5,103,88,0,0,0,0,0,0,0,0,0,2,35,28,0,0,0,0,0,0,1,9,7,0,0,0
CounselChat,gold_standard,1,Gemini,0,0,0,0,0,0,0,0,0,8,150,117,2,32,27,8,141,109,3,47,37,0,0,0,0,0,0,0,0,0,0,0,0,3,68,55,0,0,0,0,0,0,0,0,0,0,0,0,0,0,0,0,0,0,0,0,0,0,0,0
CounselChat,gold_standard,2,Gemini,0,0,0,0,0,0,0,0,0,3,55,43,1,4,2,7,175,141,0,0,0,0,0,0,1,31,25,0,0,0,0,0,0,0,0,0,0,0,0,0,0,0,0,0,0,4,114,91,0,0,0,0,0,0,0,0,0,0,0,0
CounselChat,R4,3,Gemini,0,0,0,1,20,19,3,80,63,1,27,23,2,51,37,10,207,157,3,84,67,0,0,0,0,0,0,0,0,0,0,0,0,1,20,19,1,33,27,0,0,0,0,0,0,0,0,0,0,0,0,0,0,0,0,0,0,1,5,3
CounselChat,R4,4,Gemini,0,0,0,2,41,36,5,151,125,2,60,48,0,0,0,0,0,0,7,177,144,0,0,0,0,0,0,0,0,0,0,0,0,1,23,19,0,0,0,1,20,18,1,20,18,0,0,0,0,0,0,0,0,0,0,0,0,1,20,18
CounselChat,R4,5,Gemini,0,0,0,1,31,26,3,66,56,5,102,83,1,19,16,8,169,131,6,140,107,0,0,0,0,0,0,0,0,0,0,0,0,1,15,14,1,24,22,0,0,0,0,0,0,0,0,0,0,0,0,0,0,0,0,0,0,0,0,0
CounselChat,R4,6,Gemini,0,0,0,1,41,37,3,71,59,4,108,79,1,23,22,2,55,38,2,35,28,0,0,0,0,0,0,0,0,0,0,0,0,1,41,37,1,23,17,0,0,0,0,0,0,0,0,0,0,0,0,0,0,0,0,0,0,0,0,0
CounselChat,R4,7,Gemini,0,0,0,1,40,30,1,39,27,6,181,141,2,45,41,4,70,57,4,100,71,0,0,0,0,0,0,0,0,0,0,0,0,0,0,0,1,27,24,0,0,0,1,40,30,0,0,0,0,0,0,0,0,0,0,0,0,0,0,0
CounselChat,R4,8,Gemini,0,0,0,1,24,21,2,66,56,5,158,125,1,27,24,1,12,11,4,136,112,0,0,0,0,0,0,0,0,0,0,0,0,1,24,21,0,0,0,0,0,0,0,0,0,0,0,0,0,0,0,0,0,0,0,0,0,0,0,0
CounselChat,R4,9,Gemini,0,0,0,1,30,24,1,39,28,9,212,171,1,11,10,3,77,60,5,107,84,0,0,0,0,0,0,0,0,0,0,0,0,1,30,24,0,0,0,0,0,0,2,72,56,0,0,0,0,0,0,0,0,0,0,0,0,0,0,0
CounselChat,R4,10,Gemini,0,0,0,2,49,37,2,33,30,6,122,96,1,21,17,1,9,7,6,99,78,0,0,0,0,0,0,0,0,0,0,0,0,4,80,65,0,0,0,0,0,0,2,55,51,0,0,0,0,0,0,0,0,0,0,0,0,1,4,2
CounselChat,R2,19,Gemini,0,0,0,1,32,28,0,0,0,0,0,0,0,0,0,0,0,0,1,39,29,0,0,0,0,0,0,2,56,49,0,0,0,1,38,32,0,0,0,0,0,0,0,0,0,0,0,0,1,35,29,0,0,0,0,0,0,0,0,0
CounselChat,R2,20,Gemini,0,0,0,0,0,0,0,0,0,0,0,0,0,0,0,6,135,90,0,0,0,0,0,0,0,0,0,0,0,0,0,0,0,0,0,0,0,0,0,0,0,0,0,0,0,1,33,31,0,0,0,0,0,0,1,40,33,0,0,0
CounselChat,R2,21,Gemini,0,0,0,0,0,0,0,0,0,0,0,0,0,0,0,6,220,156,0,0,0,0,0,0,0,0,0,0,0,0,0,0,0,0,0,0,0,0,0,0,0,0,0,0,0,2,53,47,0,0,0,0,0,0,0,0,0,0,0,0
CounselChat,R2,22,Gemini,0,0,0,1,22,16,0,0,0,0,0,0,0,0,0,4,158,115,0,0,0,0,0,0,0,0,0,1,22,16,0,0,0,2,50,43,0,0,0,0,0,0,0,0,0,1,21,19,0,0,0,0,0,0,0,0,0,0,0,0
CounselChat,R2,23,Gemini,0,0,0,0,0,0,0,0,0,0,0,0,0,0,0,0,0,0,0,0,0,0,0,0,0,0,0,3,102,80,0,0,0,0,0,0,0,0,0,0,0,0,0,0,0,1,19,15,0,0,0,0,0,0,0,0,0,0,0,0
CounselChat,R2,24,Gemini,0,0,0,0,0,0,0,0,0,0,0,0,0,0,0,0,0,0,2,65,55,0,0,0,0,0,0,1,35,28,0,0,0,1,36,28,1,20,16,0,0,0,0,0,0,0,0,0,0,0,0,0,0,0,2,49,44,0,0,0
CounselChat,R2,25,Gemini,0,0,0,1,26,19,0,0,0,0,0,0,0,0,0,1,30,22,2,62,47,0,0,0,0,0,0,0,0,0,0,0,0,0,0,0,0,0,0,0,0,0,0,0,0,0,0,0,0,0,0,0,0,0,0,0,0,0,0,0
CounselChat,R2,26,Gemini,0,0,0,2,73,58,0,0,0,0,0,0,0,0,0,3,67,43,0,0,0,0,0,0,0,0,0,0,0,0,0,0,0,0,0,0,0,0,0,0,0,0,0,0,0,1,29,23,0,0,0,0,0,0,0,0,0,0,0,0
CounselChat,R5,11,Gemini,0,0,0,0,0,0,0,0,0,1,23,22,0,0,0,0,0,0,0,0,0,0,0,0,0,0,0,0,0,0,0,0,0,0,0,0,0,0,0,0,0,0,0,0,0,0,0,0,0,0,0,0,0,0,0,0,0,0,0,0
CounselChat,R5,12,Gemini,0,0,0,0,0,0,1,17,16,0,0,0,0,0,0,0,0,0,0,0,0,0,0,0,0,0,0,0,0,0,0,0,0,0,0,0,0,0,0,0,0,0,0,0,0,0,0,0,0,0,0,0,0,0,0,0,0,0,0,0
CounselChat,R5,13,Gemini,0,0,0,0,0,0,0,0,0,1,24,22,0,0,0,0,0,0,0,0,0,0,0,0,0,0,0,0,0,0,0,0,0,0,0,0,0,0,0,0,0,0,0,0,0,0,0,0,0,0,0,0,0,0,0,0,0,0,0,0
CounselChat,R5,14,Gemini,0,0,0,0,0,0,0,0,0,0,0,0,0,0,0,0,0,0,0,0,0,0,0,0,0,0,0,1,47,37,0,0,0,0,0,0,0,0,0,0,0,0,0,0,0,0,0,0,0,0,0,0,0,0,0,0,0,0,0,0
CounselChat,R5,15,Gemini,0,0,0,0,0,0,0,0,0,1,33,30,0,0,0,0,0,0,0,0,0,0,0,0,0,0,0,0,0,0,0,0,0,0,0,0,0,0,0,0,0,0,0,0,0,0,0,0,0,0,0,0,0,0,0,0,0,0,0,0
CounselChat,R5,16,Gemini,0,0,0,0,0,0,0,0,0,1,29,27,0,0,0,0,0,0,0,0,0,0,0,0,0,0,0,0,0,0,0,0,0,0,0,0,0,0,0,0,0,0,0,0,0,0,0,0,0,0,0,0,0,0,0,0,0,0,0,0
CounselChat,R5,17,Gemini,0,0,0,0,0,0,0,0,0,1,33,31,0,0,0,0,0,0,0,0,0,0,0,0,0,0,0,0,0,0,0,0,0,0,0,0,0,0,0,0,0,0,0,0,0,0,0,0,0,0,0,0,0,0,0,0,0,0,0,0
CounselChat,R5,18,Gemini,0,0,0,0,0,0,0,0,0,1,11,10,0,0,0,0,0,0,0,0,0,0,0,0,0,0,0,0,0,0,0,0,0,0,0,0,0,0,0,0,0,0,0,0,0,0,0,0,0,0,0,0,0,0,0,0,0,0,0,0
CounselChat,R6,35,Gemini,1,28,18,0,0,0,0,0,0,0,0,0,0,0,0,0,0,0,0,0,0,0,0,0,0,0,0,0,0,0,0,0,0,0,0,0,0,0,0,0,0,0,0,0,0,0,0,0,0,0,0,0,0,0,0,0,0,0,0,0
CounselChat,R6,36,Gemini,0,0,0,1,38,30,0,0,0,0,0,0,0,0,0,0,0,0,0,0,0,0,0,0,0,0,0,0,0,0,0,0,0,0,0,0,0,0,0,0,0,0,0,0,0,0,0,0,0,0,0,0,0,0,0,0,0,0,0,0
CounselChat,R6,37,Gemini,0,0,0,1,23,18,0,0,0,0,0,0,0,0,0,0,0,0,0,0,0,0,0,0,0,0,0,0,0,0,0,0,0,0,0,0,0,0,0,0,0,0,0,0,0,0,0,0,0,0,0,0,0,0,0,0,0,0,0,0
CounselChat,R6,38,Gemini,3,118,66,0,0,0,0,0,0,0,0,0,0,0,0,0,0,0,0,0,0,0,0,0,0,0,0,0,0,0,0,0,0,0,0,0,0,0,0,0,0,0,0,0,0,0,0,0,0,0,0,0,0,0,0,0,0,0,0,0
CounselChat,R6,39,Gemini,1,29,22,0,0,0,0,0,0,0,0,0,0,0,0,0,0,0,0,0,0,0,0,0,0,0,0,0,0,0,0,0,0,0,0,0,0,0,0,0,0,0,0,0,0,0,0,0,0,0,0,0,0,0,0,0,0,0,0,0
CounselChat,R6,40,Gemini,1,39,24,0,0,0,0,0,0,0,0,0,0,0,0,0,0,0,0,0,0,0,0,0,0,0,0,0,0,0,0,0,0,0,0,0,0,0,0,0,0,0,0,0,0,0,0,0,0,0,0,0,0,0,0,0,0,0,0,0
CounselChat,R6,41,Gemini,0,0,0,4,75,63,0,0,0,0,0,0,0,0,0,0,0,0,0,0,0,0,0,0,0,0,0,0,0,0,0,0,0,0,0,0,0,0,0,0,0,0,0,0,0,0,0,0,0,0,0,0,0,0,0,0,0,0,0,0
CounselChat,R6,42,Gemini,0,0,0,0,0,0,0,0,0,1,39,30,0,0,0,0,0,0,0,0,0,0,0,0,0,0,0,0,0,0,0,0,0,0,0,0,0,0,0,0,0,0,0,0,0,0,0,0,0,0,0,0,0,0,0,0,0,0,0,0
CounselChat,R1,27,Gemini,0,0,0,1,9,8,0,0,0,0,0,0,1,26,24,1,39,25,0,0,0,0,0,0,0,0,0,0,0,0,0,0,0,0,0,0,1,28,23,0,0,0,1,24,23,0,0,0,0,0,0,0,0,0,0,0,0,0,0,0
CounselChat,R1,28,Gemini,0,0,0,0,0,0,0,0,0,0,0,0,1,15,12,0,0,0,1,41,33,0,0,0,0,0,0,0,0,0,0,0,0,0,0,0,0,0,0,0,0,0,2,58,49,0,0,0,0,0,0,0,0,0,0,0,0,0,0,0
CounselChat,R1,29,Gemini,0,0,0,0,0,0,0,0,0,0,0,0,1,18,15,0,0,0,0,0,0,0,0,0,0,0,0,0,0,0,0,0,0,0,0,0,0,0,0,0,0,0,2,39,36,0,0,0,0,0,0,0,0,0,0,0,0,0,0,0
CounselChat,R1,30,Gemini,0,0,0,1,29,21,0,0,0,0,0,0,1,11,7,0,0,0,1,38,32,0,0,0,0,0,0,0,0,0,0,0,0,0,0,0,0,0,0,0,0,0,3,99,83,0,0,0,0,0,0,0,0,0,0,0,0,0,0,0
CounselChat,R1,31,Gemini,0,0,0,1,12,10,0,0,0,0,0,0,0,0,0,0,0,0,0,0,0,0,0,0,0,0,0,0,0,0,0,0,0,0,0,0,0,0,0,0,0,0,3,51,45,0,0,0,0,0,0,0,0,0,0,0,0,0,0,0
CounselChat,R1,32,Gemini,0,0,0,1,25,21,0,0,0,0,0,0,0,0,0,0,0,0,0,0,0,0,0,0,0,0,0,0,0,0,0,0,0,0,0,0,0,0,0,0,0,0,1,44,37,0,0,0,1,23,17,0,0,0,0,0,0,0,0,0
CounselChat,R1,33,Gemini,0,0,0,0,0,0,0,0,0,0,0,0,0,0,0,2,56,41,0,0,0,0,0,0,0,0,0,0,0,0,0,0,0,0,0,0,0,0,0,0,0,0,1,35,32,0,0,0,0,0,0,0,0,0,0,0,0,0,0,0
CounselChat,R1,34,Gemini,0,0,0,0,0,0,0,0,0,0,0,0,1,20,17,1,19,15,0,0,0,0,0,0,0,0,0,0,0,0,0,0,0,0,0,0,0,0,0,0,0,0,2,59,49,0,0,0,0,0,0,0,0,0,0,0,0,0,0,0
CounselChat,R3,43,Gemini,0,0,0,0,0,0,0,0,0,13,369,299,7,220,174,0,0,0,2,80,64,0,0,0,0,0,0,3,79,61,0,0,0,3,107,85,0,0,0,0,0,0,3,120,98,0,0,0,0,0,0,0,0,0,0,0,0,0,0,0
CounselChat,R3,44,Gemini,2,58,46,0,0,0,1,32,26,10,234,197,4,104,88,0,0,0,3,75,62,0,0,0,0,0,0,1,24,23,0,0,0,1,37,34,1,18,16,2,50,41,5,121,101,2,53,49,0,0,0,0,0,0,0,0,0,0,0,0
CounselChat,R3,45,Gemini,3,66,39,0,0,0,1,51,44,9,238,193,3,86,73,5,151,111,3,90,77,0,0,0,0,0,0,3,97,82,0,0,0,5,180,153,0,0,0,0,0,0,1,30,28,2,31,28,0,0,0,0,0,0,7,132,90,0,0,0
CounselChat,R3,46,Gemini,0,0,0,0,0,0,0,0,0,15,354,293,10,262,214,2,25,16,4,93,74,0,0,0,0,0,0,5,143,119,0,0,0,5,126,100,1,41,35,0,0,0,0,0,0,0,0,0,0,0,0,0,0,0,0,0,0,0,0,0
CounselChat,R3,47,Gemini,0,0,0,0,0,0,2,38,31,6,177,140,7,172,129,2,56,47,1,45,31,0,0,0,0,0,0,4,141,110,0,0,0,3,84,70,1,46,38,0,0,0,1,39,22,1,20,16,0,0,0,0,0,0,4,89,75,0,0,0
CounselChat,R3,48,Gemini,0,0,0,0,0,0,0,0,0,9,213,163,5,165,126,1,49,38,9,227,176,0,0,0,0,0,0,3,115,85,0,0,0,7,192,148,5,120,96,0,0,0,0,0,0,0,0,0,0,0,0,0,0,0,0,0,0,0,0,0
CounselChat,R3,49,Gemini,1,18,16,0,0,0,0,0,0,4,108,83,8,281,224,5,172,133,3,127,98,0,0,0,0,0,0,3,99,66,0,0,0,4,113,84,0,0,0,0,0,0,0,0,0,1,11,10,0,0,0,0,0,0,0,0,0,0,0,0
CounselChat,R3,50,Gemini,0,0,0,0,0,0,0,0,0,12,306,238,5,145,113,5,137,108,6,171,139,0,0,0,0,0,0,1,36,31,0,0,0,6,186,148,0,0,0,2,63,50,1,29,24,0,0,0,0,0,0,0,0,0,0,0,0,0,0,0
PAIR,gold_standard,1,Gemini,0,0,0,0,0,0,0,0,0,8,200,154,2,70,64,8,229,182,3,74,54,0,0,0,0,0,0,0,0,0,0,0,0,3,95,71,0,0,0,0,0,0,0,0,0,0,0,0,0,0,0,0,0,0,0,0,0,0,0,0
PAIR,gold_standard,2,Gemini,0,0,0,0,0,0,0,0,0,3,69,52,1,23,20,7,225,177,0,0,0,0,0,0,1,30,27,0,0,0,0,0,0,0,0,0,0,0,0,0,0,0,0,0,0,4,98,79,0,0,0,0,0,0,0,0,0,0,0,0
PAIR,R4,27,Gemini,0,0,0,1,19,15,1,11,10,8,162,137,1,23,21,5,113,86,7,159,131,0,0,0,0,0,0,0,0,0,0,0,0,0,0,0,3,59,46,0,0,0,1,22,19,1,17,15,0,0,0,0,0,0,0,0,0,0,0,0
PAIR,R4,28,Gemini,0,0,0,1,18,13,4,115,95,10,221,181,0,0,0,0,0,0,6,150,120,0,0,0,0,0,0,0,0,0,0,0,0,1,16,13,1,18,13,0,0,0,1,32,25,0,0,0,0,0,0,0,0,0,0,0,0,0,0,0
PAIR,R4,29,Gemini,0,0,0,1,11,10,4,96,82,3,72,59,0,0,0,0,0,0,6,188,135,0,0,0,0,0,0,0,0,0,0,0,0,2,35,30,0,0,0,0,0,0,0,0,0,0,0,0,0,0,0,0,0,0,0,0,0,2,58,43
PAIR,R4,30,Gemini,1,16,14,3,53,41,3,58,50,4,80,66,1,13,10,3,93,72,4,102,80,0,0,0,0,0,0,0,0,0,0,0,0,2,52,43,0,0,0,1,13,10,1,33,28,0,0,0,0,0,0,0,0,0,0,0,0,0,0,0
PAIR,R4,31,Gemini,0,0,0,1,40,36,2,51,39,2,38,32,1,30,23,7,179,137,7,199,151,0,0,0,0,0,0,0,0,0,0,0,0,2,57,52,1,16,11,0,0,0,0,0,0,0,0,0,0,0,0,0,0,0,0,0,0,0,0,0
PAIR,R4,32,Gemini,0,0,0,1,38,34,0,0,0,10,255,198,1,23,21,2,39,30,7,166,120,0,0,0,0,0,0,0,0,0,0,0,0,2,50,45,0,0,0,0,0,0,0,0,0,0,0,0,0,0,0,0,0,0,0,0,0,0,0,0
PAIR,R4,33,Gemini,0,0,0,2,49,41,1,17,14,8,179,134,1,11,10,6,171,121,7,184,138,0,0,0,0,0,0,0,0,0,0,0,0,1,33,26,1,33,26,0,0,0,2,28,26,0,0,0,0,0,0,0,0,0,0,0,0,0,0,0
PAIR,R4,34,Gemini,0,0,0,1,34,25,4,111,94,8,209,170,0,0,0,0,0,0,6,142,119,0,0,0,0,0,0,1,40,33,0,0,0,3,64,51,1,39,31,1,19,14,0,0,0,0,0,0,0,0,0,0,0,0,0,0,0,1,4,2
PAIR,R2,19,Gemini,0,0,0,0,0,0,0,0,0,0,0,0,0,0,0,3,100,78,0,0,0,0,0,0,0,0,0,0,0,0,0,0,0,0,0,0,0,0,0,0,0,0,0,0,0,0,0,0,1,38,27,0,0,0,0,0,0,0,0,0
PAIR,R2,20,Gemini,0,0,0,0,0,0,0,0,0,0,0,0,0,0,0,0,0,0,0,0,0,0,0,0,0,0,0,0,0,0,0,0,0,0,0,0,0,0,0,0,0,0,0,0,0,2,48,38,0,0,0,0,0,0,0,0,0,0,0,0
PAIR,R2,21,Gemini,0,0,0,0,0,0,0,0,0,0,0,0,0,0,0,4,139,93,1,20,18,0,0,0,0,0,0,0,0,0,0,0,0,0,0,0,0,0,0,0,0,0,0,0,0,0,0,0,0,0,0,0,0,0,0,0,0,0,0,0
PAIR,R2,22,Gemini,0,0,0,0,0,0,0,0,0,0,0,0,0,0,0,5,109,80,0,0,0,0,0,0,0,0,0,0,0,0,0,0,0,0,0,0,0,0,0,0,0,0,0,0,0,2,44,36,0,0,0,0,0,0,0,0,0,0,0,0
PAIR,R2,23,Gemini,0,0,0,0,0,0,0,0,0,0,0,0,0,0,0,3,92,75,0,0,0,0,0,0,0,0,0,0,0,0,0,0,0,0,0,0,0,0,0,0,0,0,0,0,0,0,0,0,0,0,0,0,0,0,0,0,0,0,0,0
PAIR,R2,24,Gemini,0,0,0,0,0,0,0,0,0,0,0,0,0,0,0,2,57,47,1,38,30,0,0,0,0,0,0,0,0,0,0,0,0,0,0,0,0,0,0,0,0,0,0,0,0,1,10,9,0,0,0,0,0,0,0,0,0,0,0,0
PAIR,R2,25,Gemini,0,0,0,0,0,0,0,0,0,0,0,0,0,0,0,2,42,33,1,35,31,0,0,0,0,0,0,0,0,0,0,0,0,1,38,35,0,0,0,0,0,0,0,0,0,0,0,0,0,0,0,0,0,0,0,0,0,0,0,0
PAIR,R2,26,Gemini,0,0,0,0,0,0,0,0,0,0,0,0,0,0,0,0,0,0,0,0,0,1,21,16,1,29,27,1,21,16,0,0,0,1,21,19,0,0,0,0,0,0,0,0,0,1,14,11,1,24,21,0,0,0,0,0,0,0,0,0
PAIR,R5,11,Gemini,0,0,0,0,0,0,1,12,10,0,0,0,0,0,0,0,0,0,0,0,0,0,0,0,0,0,0,0,0,0,0,0,0,0,0,0,0,0,0,0,0,0,0,0,0,0,0,0,0,0,0,0,0,0,0,0,0,0,0,0
PAIR,R5,12,Gemini,0,0,0,0,0,0,0,0,0,1,14,12,0,0,0,0,0,0,0,0,0,0,0,0,0,0,0,0,0,0,0,0,0,0,0,0,0,0,0,0,0,0,0,0,0,0,0,0,0,0,0,0,0,0,0,0,0,0,0,0
PAIR,R5,13,Gemini,0,0,0,0,0,0,0,0,0,1,31,25,0,0,0,0,0,0,0,0,0,0,0,0,0,0,0,0,0,0,0,0,0,0,0,0,0,0,0,0,0,0,0,0,0,0,0,0,0,0,0,0,0,0,0,0,0,0,0,0
PAIR,R5,14,Gemini,0,0,0,0,0,0,0,0,0,1,17,15,0,0,0,0,0,0,0,0,0,0,0,0,0,0,0,0,0,0,0,0,0,0,0,0,0,0,0,0,0,0,0,0,0,0,0,0,0,0,0,0,0,0,0,0,0,0,0,0
PAIR,R5,15,Gemini,0,0,0,0,0,0,0,0,0,1,14,13,0,0,0,0,0,0,0,0,0,0,0,0,0,0,0,0,0,0,0,0,0,0,0,0,0,0,0,0,0,0,0,0,0,0,0,0,0,0,0,0,0,0,0,0,0,0,0,0
PAIR,R5,16,Gemini,0,0,0,0,0,0,0,0,0,1,21,18,0,0,0,0,0,0,0,0,0,0,0,0,0,0,0,0,0,0,0,0,0,0,0,0,0,0,0,0,0,0,0,0,0,0,0,0,0,0,0,0,0,0,0,0,0,0,0,0
PAIR,R5,17,Gemini,0,0,0,0,0,0,1,12,11,0,0,0,0,0,0,0,0,0,0,0,0,0,0,0,0,0,0,0,0,0,0,0,0,0,0,0,0,0,0,0,0,0,0,0,0,0,0,0,0,0,0,0,0,0,0,0,0,0,0,0
PAIR,R5,18,Gemini,0,0,0,0,0,0,1,17,15,0,0,0,0,0,0,0,0,0,0,0,0,0,0,0,0,0,0,0,0,0,0,0,0,0,0,0,0,0,0,0,0,0,0,0,0,0,0,0,0,0,0,0,0,0,0,0,0,0,0,0
PAIR,R6,3,Gemini,0,0,0,0,0,0,0,0,0,0,0,0,0,0,0,0,0,0,0,0,0,0,0,0,0,0,0,0,0,0,0,0,0,0,0,0,0,0,0,0,0,0,0,0,0,1,11,10,0,0,0,0,0,0,0,0,0,0,0,0
PAIR,R6,4,Gemini,0,0,0,2,53,47,0,0,0,0,0,0,1,46,35,1,46,35,0,0,0,0,0,0,0,0,0,0,0,0,0,0,0,0,0,0,0,0,0,0,0,0,0,0,0,0,0,0,0,0,0,0,0,0,0,0,0,0,0,0
PAIR,R6,5,Gemini,0,0,0,0,0,0,0,0,0,0,0,0,0,0,0,0,0,0,0,0,0,0,0,0,0,0,0,0,0,0,0,0,0,0,0,0,0,0,0,0,0,0,0,0,0,1,12,11,0,0,0,0,0,0,0,0,0,0,0,0
PAIR,R6,6,Gemini,0,0,0,0,0,0,0,0,0,0,0,0,1,31,23,0,0,0,0,0,0,0,0,0,0,0,0,0,0,0,0,0,0,0,0,0,0,0,0,0,0,0,0,0,0,1,25,20,0,0,0,0,0,0,0,0,0,0,0,0
PAIR,R6,7,Gemini,0,0,0,1,17,12,0,0,0,0,0,0,0,0,0,2,33,26,0,0,0,0,0,0,0,0,0,0,0,0,0,0,0,0,0,0,0,0,0,0,0,0,0,0,0,0,0,0,0,0,0,0,0,0,0,0,0,0,0,0
PAIR,R6,8,Gemini,0,0,0,0,0,0,0,0,0,0,0,0,0,0,0,1,36,29,0,0,0,0,0,0,0,0,0,1,28,23,0,0,0,0,0,0,0,0,0,0,0,0,0,0,0,0,0,0,0,0,0,0,0,0,0,0,0,0,0,0
PAIR,R6,9,Gemini,0,0,0,2,66,55,0,0,0,0,0,0,0,0,0,1,40,32,0,0,0,0,0,0,0,0,0,0,0,0,0,0,0,0,0,0,0,0,0,0,0,0,0,0,0,0,0,0,0,0,0,0,0,0,0,0,0,0,0,0
PAIR,R6,10,Gemini,0,0,0,0,0,0,0,0,0,0,0,0,0,0,0,0,0,0,0,0,0,0,0,0,0,0,0,0,0,0,0,0,0,0,0,0,0,0,0,0,0,0,0,0,0,1,10,9,0,0,0,0,0,0,0,0,0,0,0,0
PAIR,R1,43,Gemini,0,0,0,0,0,0,0,0,0,0,0,0,0,0,0,0,0,0,0,0,0,1,17,14,0,0,0,0,0,0,0,0,0,0,0,0,0,0,0,0,0,0,0,0,0,0,0,0,0,0,0,0,0,0,0,0,0,0,0,0
PAIR,R1,44,Gemini,0,0,0,0,0,0,0,0,0,0,0,0,0,0,0,0,0,0,0,0,0,0,0,0,0,0,0,1,41,34,0,0,0,0,0,0,0,0,0,0,0,0,1,10,8,0,0,0,0,0,0,0,0,0,0,0,0,0,0,0
PAIR,R1,45,Gemini,0,0,0,0,0,0,0,0,0,0,0,0,1,35,32,0,0,0,0,0,0,0,0,0,1,20,13,0,0,0,0,0,0,0,0,0,1,40,30,0,0,0,2,45,40,0,0,0,0,0,0,0,0,0,0,0,0,0,0,0
PAIR,R1,46,Gemini,1,19,15,0,0,0,0,0,0,0,0,0,0,0,0,0,0,0,0,0,0,0,0,0,0,0,0,0,0,0,0,0,0,0,0,0,0,0,0,0,0,0,1,29,26,0,0,0,0,0,0,0,0,0,0,0,0,0,0,0
PAIR,R1,47,Gemini,0,0,0,1,37,27,0,0,0,0,0,0,0,0,0,0,0,0,3,88,73,0,0,0,1,23,21,0,0,0,0,0,0,0,0,0,0,0,0,0,0,0,1,39,31,0,0,0,0,0,0,0,0,0,0,0,0,0,0,0
PAIR,R1,48,Gemini,0,0,0,0,0,0,0,0,0,0,0,0,0,0,0,0,0,0,0,0,0,0,0,0,0,0,0,0,0,0,0,0,0,0,0,0,0,0,0,0,0,0,2,65,56,0,0,0,0,0,0,0,0,0,0,0,0,0,0,0
PAIR,R1,49,Gemini,0,0,0,0,0,0,0,0,0,0,0,0,0,0,0,0,0,0,0,0,0,0,0,0,0,0,0,0,0,0,0,0,0,0,0,0,0,0,0,0,0,0,1,19,18,0,0,0,0,0,0,0,0,0,0,0,0,0,0,0
PAIR,R1,50,Gemini,0,0,0,0,0,0,0,0,0,0,0,0,1,14,11,0,0,0,0,0,0,0,0,0,0,0,0,0,0,0,0,0,0,0,0,0,0,0,0,0,0,0,2,39,28,0,0,0,0,0,0,0,0,0,0,0,0,0,0,0
PAIR,R3,35,Gemini,0,0,0,0,0,0,0,0,0,8,233,194,9,198,154,1,5,4,5,130,102,0,0,0,2,44,39,1,38,34,0,0,0,4,129,107,1,25,19,2,37,27,2,63,50,0,0,0,0,0,0,0,0,0,0,0,0,0,0,0
PAIR,R3,36,Gemini,0,0,0,0,0,0,0,0,0,8,171,139,11,294,221,1,34,26,2,74,54,0,0,0,0,0,0,1,25,22,0,0,0,3,71,61,0,0,0,0,0,0,0,0,0,0,0,0,0,0,0,0,0,0,0,0,0,0,0,0
PAIR,R3,37,Gemini,2,71,48,0,0,0,1,8,7,4,108,89,5,155,125,1,53,40,3,130,100,0,0,0,0,0,0,3,113,86,0,0,0,5,169,132,0,0,0,0,0,0,1,29,22,2,27,22,0,0,0,0,0,0,1,53,40,0,0,0
PAIR,R3,38,Gemini,0,0,0,0,0,0,0,0,0,11,264,223,5,124,102,0,0,0,6,160,137,0,0,0,0,0,0,4,115,96,0,0,0,4,102,85,0,0,0,0,0,0,2,48,43,0,0,0,0,0,0,0,0,0,0,0,0,0,0,0
PAIR,R3,39,Gemini,0,0,0,0,0,0,0,0,0,6,103,79,7,202,155,0,0,0,2,42,36,0,0,0,0,0,0,4,171,133,0,0,0,1,22,19,0,0,0,0,0,0,1,17,12,3,96,80,0,0,0,0,0,0,0,0,0,0,0,0
PAIR,R3,40,Gemini,0,0,0,0,0,0,1,31,22,5,118,87,10,271,204,0,0,0,4,125,94,0,0,0,0,0,0,4,133,90,0,0,0,1,15,13,1,33,30,0,0,0,2,67,51,0,0,0,1,50,37,0,0,0,0,0,0,0,0,0
PAIR,R3,41,Gemini,0,0,0,0,0,0,0,0,0,10,217,179,9,215,178,1,25,21,2,54,44,0,0,0,0,0,0,1,16,13,0,0,0,3,80,68,0,0,0,0,0,0,1,13,12,1,21,18,0,0,0,0,0,0,0,0,0,0,0,0
PAIR,R3,42,Gemini,0,0,0,0,0,0,0,0,0,3,80,63,1,41,33,0,0,0,1,24,21,2,47,37,0,0,0,1,23,16,0,0,0,3,81,68,0,0,0,0,0,0,0,0,0,2,66,56,0,0,0,0,0,0,0,0,0,0,0,0
